Date,Open,High,Low,Close,Volume
2019-01-02,36.718617135510485,37.657386397267345,36.56215498900312,37.43691635131836,148158800
2019-01-03,34.132264253567534,34.54475438454186,33.66288142679495,33.707923889160156,365248800
2019-01-04,34.26265396297282,35.21564653531297,34.089599294610764,35.14689636230469,234428400
2019-01-07,35.2511960750127,35.28201536020964,34.587420294153034,35.06865692138672,219111200
2019-01-08,35.45507757862409,35.990841304732,35.20853409612209,35.7371826171875,164101200
2019-01-09,35.86518409738925,36.63326790098298,35.47166309582496,36.344051361083984,180396400
2019-01-10,36.15203830332984,36.50052053570231,35.76325587216913,36.46022033691406,143122800
2019-01-11,36.24212643871853,36.436515862873954,35.91734826183033,36.102256774902344,108092800
2019-01-14,35.760888011805555,35.860453851229586,35.37447488807685,35.559383392333984,129756800
2019-01-15,35.62338698103528,36.36302090848889,35.571232935659744,36.28716278076172,114843600
2019-01-16,36.28953607113632,36.95331194342955,36.270570632809374,36.730472564697266,122278800
2019-01-17,36.555041764917604,37.37527971845507,36.33220240574262,36.94856643676758,119284800
2019-01-18,37.33735590651915,37.42744084338128,36.97701977635849,37.17615509033203,135004000
2019-01-22,37.07893528685986,37.15479338294435,36.18046665772161,36.341670989990234,121576000
2019-01-23,36.543193727393664,36.77788697397383,35.96239115421121,36.488670349121094,92522400
2019-01-24,36.53369511774474,36.621407068642455,35.97185825641871,36.19943618774414,101766000
2019-01-25,36.85848448845611,37.48670242020263,36.58349467789878,37.39898681640625,134142000
2019-01-28,36.93197130900929,37.05998710557618,36.4270305613809,37.05287551879883,104768400
2019-01-29,37.0410207847248,37.4866995043385,36.53370710874869,36.66883087158203,166348800
2019-01-30,38.70046213932008,39.38794210253695,37.98453220972156,39.17458724975586,244439200
2019-01-31,39.37845685855858,40.06356742305423,39.01100921494888,39.456687927246094,162958400
2019-02-01,39.57997417123739,40.058838029480604,39.33579635988092,39.47566604614258,130672400
2019-02-04,39.68664264479774,40.6941584894352,39.65582335554743,40.596961975097656,125982000
2019-02-05,40.97863281022283,41.50491196410588,40.85773221114225,41.29155349731445,144406400
2019-02-06,41.40296757255128,41.62106827364478,40.97625793139639,41.3057746887207,112958400
2019-02-07,40.86958496796045,41.23466334560738,40.381236660330636,40.523475646972656,126966800
2019-02-08,40.23301099307842,40.63060287724648,40.097304086184714,40.571083068847656,95280000
2019-02-11,40.723455587227264,40.7615491383027,40.29491221963111,40.337764739990234,83973600
2019-02-12,40.497290350510035,40.71156026721677,40.40205645090563,40.68537139892578,89134000
2019-02-13,40.80441593407917,41.06392153006669,40.45443903083637,40.51633834838867,89960800
2019-02-14,40.40443489478929,40.77345486056133,40.325868299005165,40.6639404296875,87342800
2019-02-15,40.77106581080337,40.87820073162931,40.4139469861832,40.57345962524414,98507200
2019-02-19,40.404439480348884,40.816315650930065,40.352061743881706,40.69489288330078,75891200
2019-02-20,40.756786158494805,41.26389610818391,40.70917103649229,40.95677185058594,104457600
2019-02-21,40.902021499244135,41.03772480134233,40.544902575152015,40.7258415222168,68998800
2019-02-22,40.84964246264774,41.18771459739539,40.80202733418214,41.180572509765625,75652800
2019-02-25,41.46388138617128,41.87099485294799,41.41388314724736,41.48054504394531,87493600
2019-02-26,41.35675221185204,41.735297384970416,41.22818736975056,41.50436019897461,68280800
2019-02-27,41.237702941244116,41.663863142959855,41.12342230100702,41.632911682128906,111341600
2019-02-28,41.501978939190536,41.64244483272273,41.16866579075333,41.22342300415039,112861600
2019-03-01,41.492459172031374,41.69958699583566,41.1615290978513,41.656734466552734,103544800
2019-03-04,41.82813646598794,42.318579051240896,41.41863993925626,41.86623001098633,109744800
2019-03-05,41.8876638710685,41.90194804483561,41.554350741031215,41.7900505065918,78949600
2019-03-06,41.58530149826311,41.780528223893675,41.41150466571953,41.549591064453125,83241600
2019-03-07,41.394843447524245,41.5305503815129,40.95439895711522,41.06867599487305,99185600
2019-03-08,40.54965077307125,41.20436856799052,40.35442408684211,41.16627502441406,95997600
2019-03-11,41.78052922098767,42.64475443502301,41.747198271035906,42.592376708984375,128044000
2019-03-12,42.85426604222394,43.48993721924746,42.704274948579794,43.070919036865234,129870400
2019-03-13,43.38994425600369,43.63992820049974,43.07329841068218,43.261383056640625,124130000
2019-03-14,43.78277116143453,43.83038991608697,43.46374584894839,43.7422981262207,94318000
2019-03-15,44.0089593533073,44.59939499066683,43.74469118922754,44.311317443847656,156171600
2019-03-18,44.2351166798014,44.85174094419894,44.232733562777256,44.76365280151367,104879200
2019-03-19,44.84223009997764,44.99460068115345,44.263695608787415,44.4089241027832,126585600
2019-03-20,44.337498406840204,45.11363909902574,43.98037952623001,44.796993255615234,124140800
2019-03-21,45.23982413911908,46.74210375942547,45.189825893725065,46.44688415527344,204136800
2019-03-22,46.50641268259627,47.06590052792044,45.42077158365428,45.48505401611328,169630800
2019-03-25,45.59455842593482,45.70645597035694,44.42559200356954,44.935081481933594,175381200
2019-03-26,45.63027370922542,45.920730708925866,43.944672043567564,44.4708251953125,199202000
2019-03-27,44.93746192285677,45.17792067619841,44.413688258793016,44.87080001831055,119393600
2019-03-28,44.98506649737201,45.13029496238023,44.6469944513923,44.9303092956543,83121600
2019-03-29,45.19459525041401,45.25411507712012,44.88747091024145,45.22316360473633,94256000
2019-04-01,45.6255113221176,45.63503289451936,44.849374206925575,45.53028106689453,111448000
2019-04-02,45.494557042435,46.29688647998632,45.48503547211655,46.19213104248047,91062800
2019-04-03,46.00881357119078,46.78257110861055,45.98500419384211,46.50878143310547,93087200
2019-04-04,46.37545200589024,46.75161762841101,45.98262272618478,46.589725494384766,76457200
2019-04-05,46.7706708206856,46.92542452241121,46.64686858586537,46.901615142822266,74106400
2019-04-08,46.763518854192455,47.67060007976338,46.74447208110534,47.639652252197266,103526800
2019-04-09,47.692037644042145,48.294377862741904,47.432528497673395,47.49681091308594,143072800
2019-04-10,47.30158392300267,47.792030232425006,47.1825442973062,47.763458251953125,86781200
2019-04-11,47.81822423539419,47.853934673821236,47.24445230598995,47.36587142944336,83603200
2019-04-12,47.425375959218904,47.649170988682975,46.71352147552395,47.34680938720703,111042800
2019-04-15,47.277790791980024,47.58015253910808,47.14208383873285,47.43254089355469,70146400
2019-04-16,47.48729225090989,47.94202089049343,47.27301873067345,47.437294006347656,102785600
2019-04-17,47.50633095737599,48.42055801926847,47.284919003230804,48.36103820800781,115627200
2019-04-18,48.35865586347392,48.6038771991631,48.21581049384585,48.53483581542969,96783200
2019-04-22,48.28961339420896,48.791960743297345,48.17295325708763,48.6943473815918,77758000
2019-04-23,48.67054780323138,49.46097279452284,48.54436606939777,49.396690368652344,93292000
2019-04-24,49.36811836306549,49.63476598723901,49.29431436943186,49.32050323486328,70162400
2019-04-25,49.241936964004154,49.463348946368356,48.834819804661606,48.8729133605957,74172800
2019-04-26,48.78244423832543,48.80625362004122,48.120584114004615,48.63959884643555,74596400
2019-04-29,48.66339973624621,49.03718592161168,48.53483853310215,48.71339797973633,88818800
2019-04-30,48.34436933918975,48.42531540799,47.4039570785258,47.775360107421875,186139600
2019-05-01,49.968074675183026,51.260843272461415,49.813320981383605,50.120445251464844,259309200
2019-05-02,49.958544811914926,50.627546867778136,49.551431362489616,49.79426956176758,127985200
2019-05-03,50.2085397880018,50.434714380027714,50.05140658953269,50.41328811645508,83569600
2019-05-06,48.63721289375776,49.720474308259035,48.44913186725117,49.634765625,129772400
2019-05-07,49.01576096722364,49.38240144232554,47.8134599345925,48.29676055908203,155054800
2019-05-08,48.06819897946514,48.88719217828683,48.03248854519136,48.306278228759766,105358000
2019-05-09,47.71109010219779,48.01583131452178,46.82067584826434,47.78727722167969,139634400
2019-05-10,47.18262742729656,47.524393875582966,46.07129660168653,47.125267028808594,164834800
2019-05-13,44.86197147628552,45.28499206018932,43.70044997525722,44.38636779785156,229722400
2019-05-14,44.55126706777633,45.3375626885166,44.31227095065522,45.08900833129883,146118800
2019-05-15,44.517797278142396,45.82749467057295,44.458048262926525,45.629127502441406,106178800
2019-05-16,45.387746348226955,45.999575728464684,45.13201879261702,45.428375244140625,132125600
2019-05-17,44.67554149512822,45.624356352136516,44.63491259367641,45.170265197753906,131516400
2019-05-20,43.860563641976256,44.05893083512368,43.086214994281725,43.75779342651367,154449200
2019-05-21,44.26685628541341,44.93126512693006,44.14257729693959,44.59667205810547,113459200
2019-05-22,44.133018185582294,44.38396480563618,43.62873629745547,43.6837043762207,118994400
2019-05-23,42.971508631637576,43.148363449235205,42.49590497882846,42.93804931640625,146118800
2019-05-24,43.067100347137895,43.53075340614285,42.68948603770904,42.773136138916016,94858800
2019-05-28,42.76118705714658,43.16031015583973,42.51980227917044,42.59627914428711,111792800
2019-05-29,42.16368579728549,42.86394617150037,42.06330788653476,42.393123626708984,113924800
2019-05-30,42.52934126682536,42.83525588238824,42.223426651262486,42.61299133300781,84873600
2019-05-31,42.118289580157494,42.538925128983735,41.821936694530024,41.84105682373047,108174400
2019-06-03,41.96772160988868,42.522190731499684,40.693871807776276,41.41802978515625,161584400
2019-06-04,41.92947891959907,42.978671716588416,41.70960293183085,42.93326187133789,123872000
2019-06-05,44.042208818039946,44.21189768368727,43.29176107697479,43.6263542175293,119093600
2019-06-06,43.755401877552906,44.32660235130905,43.533133631324745,44.26685333251953,90105200
2019-06-07,44.575157115158966,45.86812677005471,44.39830235170156,45.44510269165039,122737600
2019-06-10,45.84184325115213,46.692668818811526,45.79643340678976,46.02587127685547,104883600
2019-06-11,46.57078842709645,46.843243883403765,46.26965460069102,46.558837890625,107731600
2019-06-12,46.35329940510195,46.836072616312435,46.21946215370694,46.41065979003906,73012800
2019-06-13,46.532533465970424,47.03203437023856,46.26963998062483,46.401084899902344,86698400
2019-06-14,45.77970764982139,46.267258131465205,45.480962498943924,46.06411361694336,75046000
2019-06-17,46.102347467348565,46.59468250985322,45.927881330772394,46.33895492553711,58676400
2019-06-18,46.85519036892868,47.86853159056381,46.65443450201509,47.42877960205078,106204000
2019-06-19,47.72273967725771,47.77054181487059,47.156320085097796,47.290157318115234,84496800
2019-06-20,47.88765353768087,47.945013921889384,47.328403467116104,47.670169830322266,86056000
2019-06-21,47.51241796627832,48.00236062388434,47.35706833754004,47.50763702392578,191202400
2019-06-24,47.45028079634536,47.83745693129313,47.3618534124554,47.459842681884766,72881600
2019-06-25,47.4239885175278,47.622355693652125,46.673541002050435,46.74046325683594,84281200
2019-06-26,47.26624974905823,48.0358173204901,47.16587184584412,47.75141143798828,104270000
2019-06-27,47.86852455047612,48.17444289617968,47.69645072327974,47.73707962036133,83598800
2019-06-28,47.48374832133551,47.67972689411709,47.09418711775815,47.3021125793457,124442400
2019-07-01,48.556831127500786,48.872307690511114,47.95456000971146,48.16965866088867,109012000
2019-07-02,48.13621005808124,48.547283681806604,48.124259522560685,48.451683044433594,67740800
2019-07-03,48.583124628476725,48.86036096665152,48.44211781134659,48.85319137573242,45448000
2019-07-05,48.59984375106238,49.01330585838882,48.49229262103362,48.810157775878906,69062000
2019-07-08,47.99280233879046,48.133809151047075,47.419213204341766,47.80399703979492,101354400
2019-07-09,47.60802314605108,48.160103562324515,47.51481481144376,48.095577239990234,82312000
2019-07-10,48.24135870655863,48.690668843168744,48.17204780331115,48.571170806884766,71588400
2019-07-11,48.59030547775813,48.84842175102384,48.207913835239545,48.217472076416016,80767200
2019-07-12,48.38476534582828,48.755210073292474,48.32501631387571,48.587913513183594,70380800
2019-07-15,48.776721106125294,49.20213394156513,48.75521232885727,49.04439926147461,67789600
2019-07-16,48.896215043761046,49.25949016524323,48.6357101496391,48.87470626831055,67467200
2019-07-17,48.7671538673035,49.01570820127691,48.58073720512569,48.599857330322266,56430000
2019-07-18,48.75520120218422,49.20451500768722,48.68350164752872,49.15193557739258,74162400
2019-07-19,49.18299570943903,49.352684510163414,48.36324100532279,48.418209075927734,83717200
2019-07-22,48.67155855676903,49.52716510710405,48.66200031652238,49.524776458740234,89111600
2019-07-23,49.821136919084964,49.928684452662075,49.54150822627612,49.91195297241211,73420800
2019-07-24,49.63231510960469,49.98602828414967,49.512817070534965,49.87131118774414,59966400
2019-07-25,49.92389603495717,50.00754613010088,49.40766357491906,49.47697448730469,55638400
2019-07-26,49.586917965483835,50.12465927895895,49.505660153344266,49.6490592956543,70475600
2019-07-29,49.821129523719435,50.34213928080888,49.8163485805303,50.112701416015625,86693600
2019-07-30,49.89282876718518,50.2274255237216,49.54628512206538,49.89760971069336,135742800
2019-07-31,51.72354141436402,52.90657151472246,50.49988240999392,50.915733337402344,277125600
2019-08-01,51.12125839181598,52.108313337109216,49.410049286192155,49.81394958496094,216071600
2019-08-02,49.12086584402196,49.33596086524618,48.18878255632911,48.75998306274414,163448400
2019-08-05,47.3188422121064,47.476576876746385,46.02587235225602,46.2075080871582,209572000
2019-08-06,46.917329331748846,47.33796485122246,46.374807099768596,47.082237243652344,143299200
2019-08-07,46.70223638200557,47.69406889981579,46.32223339634937,47.56978988647461,133457600
2019-08-08,47.847020183801895,48.64287766257979,47.653433919438044,48.61897659301758,108038000
2019-08-09,48.292707715938555,48.64296573649967,47.810498015760096,48.21833801269531,98478800
2019-08-12,47.88967528334762,48.472644393502215,47.776920016376316,48.09599304199219,89927600
2019-08-13,48.225533277199396,50.893266254855526,48.09598298618555,50.13277053833008,188874000
2019-08-14,48.738921717537906,49.52580693537661,48.60217461253329,48.640560150146484,146189600
2019-08-15,48.81090512777732,49.21394238525781,47.90166625323127,48.39826965332031,108909600
2019-08-16,49.00761940403555,49.69854452652455,48.90206099247231,49.54020690917969,110481600
2019-08-19,50.528608151230536,51.03480602660316,50.38706558899019,50.463836669921875,97654400
2019-08-20,50.590983470819914,51.18354695733414,50.45663774540958,50.46623229980469,107537200
2019-08-21,51.09719348410533,51.255527463503284,50.76372681466608,51.01322555541992,86141600
2019-08-22,51.14516455142714,51.4450447285328,50.55979786001343,50.970035552978516,89014800
2019-08-23,50.2431331866759,50.87168465912164,48.22074260469428,48.61418533325195,187272000
2019-08-26,49.38667048720254,49.70574345904227,49.194746427216245,49.537811279296875,104174400
2019-08-27,49.866492404922475,50.03202690604211,48.82770667035322,48.97884750366211,103493200
2019-08-28,48.96444154769402,49.35308512364201,48.77731659181928,49.30750274658203,63755200
2019-08-29,50.02002231545943,50.21674550325925,49.578599495883154,50.142372131347656,83962000
2019-08-30,50.418258218749706,50.4878288131881,49.70814030749895,50.07759475708008,84573600
2019-09-03,49.52341086109975,49.65535887288814,48.99322475097742,49.34828186035156,80092000
2019-09-04,49.9936342340931,50.255128923822014,49.7369386531672,50.1855583190918,76752400
2019-09-05,50.859682455783634,51.33229394881414,50.74212809831234,51.1667594909668,95654800
2019-09-06,51.35148694097706,51.44025031008519,50.98203247914074,51.16196060180664,77449200
2019-09-09,51.540999601287744,51.92484765262386,50.63656371615153,51.38026428222656,109237600
2019-09-10,51.30590901786626,52.006428796977275,50.79011648570887,51.98723602294922,127111600
2019-09-11,52.31589898333976,53.66895822314736,52.234328791439815,53.640167236328125,177158400
2019-09-12,53.93046330551826,54.31910692667731,53.46504858550695,53.520225524902344,128906800
2019-09-13,52.77890311104911,52.96842574335449,52.06398990298036,52.47902297973633,159053200
2019-09-16,52.23434072600189,52.810113005531775,52.193557451057096,52.75493240356445,84632400
2019-09-17,52.769315475406735,52.975633179223315,52.567793218654614,52.946842193603516,73274800
2019-09-18,53.0332094166562,53.46263988380928,52.64456587529819,53.44344711303711,101360000
2019-09-19,53.26112420617858,53.68095650952987,52.86768150832097,53.00922775268555,88242400
2019-09-20,53.10998544062051,53.39307059939063,52.17195927300286,52.23433303833008,221652400
2019-09-23,52.52701683843027,52.74053140147138,52.21514068797828,52.471839904785156,76662000
2019-09-24,53.026016216053826,53.376277900497726,52.10478511979031,52.22233581542969,124763200
2019-09-25,52.43104739925435,53.13876383787783,52.092781703491944,53.02600860595703,87613600
2019-09-26,52.7789263832992,53.00443692718603,52.49823889590211,52.75253677368164,75334000
2019-09-27,52.90845463776227,53.009217592623266,52.12636850039442,52.49582290649414,101408000
2019-09-30,52.99482716237936,53.877676369428805,52.96843755851151,53.7313346862793,103909600
2019-10-01,53.99522635512258,54.75092292917973,53.78650726482421,53.880069732666016,139223200
2019-10-02,53.5130199648798,53.63777114984615,52.28231048438784,52.529415130615234,138449200
2019-10-03,52.4022686494978,53.00922959696973,51.610587778437704,52.975643157958984,114426000
2019-10-04,54.13196864675856,54.57579275889607,53.71213641227853,54.460636138916016,138478800
2019-10-07,54.283106900757275,55.16115320827285,54.17994622439848,54.47262954711914,122306000
2019-10-08,54.175155017507095,54.712537951919714,53.81769652866201,53.83448791503906,111820000
2019-10-09,54.46544647216797,54.64777233374476,54.13197980362061,54.46544647216797,74770400
2019-10-10,54.68134539656082,55.283507092490474,54.53020828720955,55.19953918457031,113013600
2019-10-11,55.88567662071718,57.010827782874266,55.73213809572937,56.66776657104492,166795600
2019-10-14,56.35347435948454,57.12836727574025,56.298297438788765,56.586181640625,96427600
2019-10-15,56.710934394719835,57.013212266031545,56.348680493815976,56.45423889160156,87360000
2019-10-16,55.98642187493168,56.43504505704792,55.9456386148568,56.22632598876953,73903200
2019-10-17,56.39907017958543,56.653368012877294,56.02242253800609,56.44465255737305,67585200
2019-10-18,56.27911289972252,56.996427616238385,56.20714092357815,56.71574020385742,97433600
2019-10-21,56.9820373510636,57.8145050826637,56.93405725098848,57.69934844970703,87247200
2019-10-22,57.85528230228995,58.10478099298496,57.48582788297742,57.56739807128906,82293600
2019-10-23,58.0807886698407,58.35427921905452,57.869671873729565,58.339881896972656,75828800
2019-10-24,58.65896497767729,58.72853923419843,58.01122447632799,58.435855865478516,69275200
2019-10-25,58.33509163394323,59.19154751127854,58.26791876751091,59.15556335449219,73477200
2019-10-28,59.35708206282803,59.79610707966142,59.18914989643876,59.74812698364258,96572800
2019-10-29,59.728952705674175,59.91607770053574,58.193567193823476,58.366294860839844,142839600
2019-10-30,58.71893364927705,58.84848392967806,57.86727691472334,58.35907745361328,124522000
2019-10-31,59.313899074252156,59.77691229315657,56.91965319473829,59.678550720214844,139162000
2019-11-01,59.865675001652114,61.39866224623704,59.774513921473265,61.372276306152344,151125200
2019-11-04,61.7345350313778,61.859289881741645,61.26672630639548,61.77532196044922,103272000
2019-11-05,61.66734989653974,61.94084410214537,61.49222457803436,61.686546325683594,79897600
2019-11-06,61.60020020542611,61.77293152622351,61.26433578201322,61.712955474853516,75864400
2019-11-07,62.259150929671776,62.64656000743047,62.10755639243026,62.4251823425293,94940400
2019-11-08,62.247149446607565,62.668242301002806,61.804401269465195,62.5960578918457,69986400
2019-11-11,62.153294578801074,63.15670179993988,62.148484733219185,63.09173583984375,81821200
2019-11-12,62.93532822242976,63.233707563546645,62.78374097219779,63.03398513793945,87388800
2019-11-13,62.83425855316897,63.71253625362745,62.819821674837314,63.637943267822266,102734400
2019-11-14,63.4647023927725,63.736609212071365,63.067673495747776,63.19761276245117,89182800
2019-11-15,63.447842302165945,63.95315502891984,63.28662806062503,63.94834518432617,100206400
2019-11-18,63.95796632642828,64.35018529631039,63.580191577203664,64.27078247070312,86703200
2019-11-19,64.46327609265741,64.48734000161132,63.859313834576106,64.07587432861328,76167200
2019-11-20,63.89540579483597,64.02533768482304,62.65859284317202,63.32993698120117,106234400
2019-11-21,63.45023714672934,63.52723870318722,62.846267662126294,63.045989990234375,121395200
2019-11-22,63.18556681769094,63.32753434710897,62.76447407435324,62.99066162109375,65325200
2019-11-25,63.214444588644916,64.11197639359949,63.16872535757396,64.09513092041016,84020400
2019-11-26,64.2322767453233,64.28521440608328,63.16390384145732,63.59462356567383,105207600
2019-11-27,63.90503892603565,64.48254348721751,63.84007296737668,64.4488525390625,65235600
2019-11-29,64.15048034055641,64.48735310453695,63.98204028692839,64.306884765625,46617600
2019-12-02,64.31168141512865,64.54749597316658,63.3925017784307,63.5633430480957,94487200
2019-12-03,62.15570396819638,62.44926610451152,61.669645200283924,62.43001937866211,114430400
2019-12-04,62.81981146620402,63.3588077517284,62.72596442902417,62.98102569580078,67181600
2019-12-05,63.474328245499024,63.97964107924649,63.21926690581925,63.9050407409668,74424400
2019-12-06,64.36223017433375,65.20922559007963,64.3189121926835,65.13944244384766,106075600
2019-12-09,64.96860578052659,65.16110241589925,63.74382813052384,64.22748565673828,128042400
2019-12-10,64.63171799255643,64.98543616897592,63.972402115751365,64.60284423828125,90420400
2019-12-11,64.68225540996873,65.23328743607989,64.60766242070665,65.15387725830078,78756800
2019-12-12,64.43441949509666,65.58460415390351,64.32373429636719,65.31991577148438,137310400
2019-12-13,65.31991978161426,66.24391691065055,65.19238909997512,66.20782470703125,133587600
2019-12-16,66.65296604245897,67.56493467366947,66.64815619751495,67.34114837646484,128186000
2019-12-17,67.27136424228581,67.80073350823116,67.08607875742219,67.4734878540039,114158400
2019-12-18,67.32670799551974,67.83202073279126,67.16308515663923,67.31227111816406,116028400
2019-12-19,67.25450901811797,67.6587561829255,67.12216855664366,67.37963104248047,98369200
2019-12-20,67.91141820231184,68.012476324904,67.02832353839587,67.24007415771484,275978000
2019-12-23,67.50234405909875,68.39746687445842,67.46384328450273,68.33731079101562,98572000
2019-12-24,68.50337109692963,68.55149892131642,68.07746848987897,68.40230560302734,48478800
2019-12-26,68.53463746360407,69.77626014178544,68.50576371301644,69.75941467285156,93121200
2019-12-27,70.05055894586623,70.73633980564549,69.32868590257696,69.7329330444336,146266000
2019-12-30,69.65112683312934,70.42834617784854,68.6308818725006,70.14681243896484,144114400
2019-12-31,69.76424714741452,70.66658886235176,69.66559023872163,70.65937042236328,100805600
2020-01-02,71.28257523373918,72.33170151465225,71.02992253216576,72.27154541015625,135480400
2020-01-03,71.50151891326733,72.326858611121,71.34511456584144,71.56889343261719,146322800
2020-01-06,70.693043053502,72.17769145821572,70.44279162661955,72.13919067382812,118387200
2020-01-07,72.148820106767,72.40388138645835,71.58095004051803,71.79991912841797,108872000
2020-01-08,71.50395296037216,73.25569843032547,71.50395296037216,72.95491790771484,132079200
2020-01-09,73.9294436077337,74.69703608624071,73.67919950094557,74.5045394897461,170108400
2020-01-10,74.73793929040194,75.2360335553344,74.17247048793807,74.67296600341797,140644800
2020-01-13,74.98817176909989,76.294760154214,74.87026085076248,76.2682876586914,121532000
2020-01-14,76.20574860255036,76.41509065064128,75.11572039023919,75.23843383789062,161954400
2020-01-15,75.0387288028542,75.91700649010697,74.48528821645434,74.91600799560547,121923600
2020-01-16,75.45738719439537,75.96510837901029,75.09645067820102,75.85441589355469,108829200
2020-01-17,76.10227258526983,76.69661511764261,75.7966822559434,76.6942138671875,137816400
2020-01-21,76.32366259336249,76.76400206376488,76.03731893774885,76.17447662353516,110843200
2020-01-22,76.65810863389025,76.99738987709428,76.35251832728817,76.44636535644531,101832400
2020-01-23,76.499312044199,76.89393223945343,75.95308995960856,76.81452941894531,104472000
2020-01-24,77.05998219911793,77.80110229414466,76.40307478925112,76.59317016601562,146537600
2020-01-27,74.60800908323662,75.01947479638015,73.36157631651781,74.3409194946289,161940000
2020-01-28,75.21921487710054,76.61483394161012,75.12055795784767,76.4439926147461,162234000
2020-01-29,78.07057802839189,78.88869939934182,77.33185946671645,78.04410552978516,216229200
2020-01-30,77.12975418029563,77.9839679399373,76.69903440937786,77.9310302734375,126743200
2020-01-31,77.22362047859812,77.64471336153747,74.1821305597575,74.47569274902344,199588400
2020-02-03,73.22200714636392,75.4333461257712,72.7215115901091,74.27113342285156,173788400
2020-02-04,75.87128624120515,76.91319410520111,75.46703897288427,76.72309875488281,136616400
2020-02-05,77.84681134417079,78.14519062464261,76.74716330264357,77.34872436523438,118826800
2020-02-06,77.61823424457238,78.25588759836752,77.06239232642683,78.25347900390625,105425600
2020-02-07,77.75418535570422,78.00261640454451,76.70016229061778,77.18978881835938,117684000
2020-02-10,75.77880950230002,77.5564193725586,75.6992182164735,77.5564193725586,109348800
2020-02-11,78.05084526254171,78.12320094971115,76.87139603677542,77.08847045898438,94323200
2020-02-12,77.53711376977571,78.9239878248454,77.53711376977571,78.9191665649414,113730400
2020-02-13,78.19318940786071,78.68281610162644,77.99058602016845,78.3572006225586,94747600
2020-02-14,78.32580849927255,78.62489586415948,77.86995292388279,78.37646484375,80113600
2020-02-18,76.0634053664393,77.12225708916644,75.88250875090567,76.94136047363281,152531200
2020-02-19,77.18254532561073,78.28481031761038,77.18254532561073,78.05567169189453,93984000
2020-02-20,77.81689526489554,78.30410746194534,76.75080805425196,77.2549057006836,100566000
2020-02-21,76.84969364795695,77.29108544658935,74.89118775773731,75.50623321533203,129554000
2020-02-24,71.69778197998241,73.3668508412422,69.76098226638659,71.919677734375,222195200
2020-02-25,72.58780502811709,72.96889076529182,69.0132851459726,69.48361206054688,230673600
2020-02-26,69.10973099237307,71.84730078233405,69.10249542340598,70.58584594726562,198054800
2020-02-27,67.80006808151072,68.98192476086734,65.83673284364053,65.9718017578125,320605600
2020-02-28,62.04996979820484,67.15125422909904,61.83530222470277,65.93321228027344,426510000
2020-03-02,68.08465633915449,72.7059623843327,66.98480559511727,72.07161712646484,341397200
2020-03-03,73.24383324028676,73.32342450844571,68.93366391267253,69.78267669677734,319475600
2020-03-04,71.50000237914564,73.17872118058433,70.70164577624014,73.01953125,219178400
2020-03-05,71.27807270497505,72.25009001910128,70.2867629946478,70.65097045898438,187572800
2020-03-06,68.01711156290271,70.14445703154458,67.83139373082778,69.71271514892578,226176800
2020-03-09,63.61530881776465,67.07405117029745,63.43441220501271,64.19900512695312,286744800
2020-03-10,66.84493210656007,69.08804757078283,64.9708381447339,68.8227310180664,285290000
2020-03-11,66.9052206904251,67.82899618098686,65.57140256073914,66.4324722290039,255598800
2020-03-12,61.73157866504394,65.1227869054102,59.81648575015455,59.8719596862793,418474000
2020-03-13,63.89028601752773,67.51545445631106,61.01040718580854,67.04512023925781,370732000
2020-03-16,58.35724684046864,62.4889229945198,57.88691638094368,58.419960021972656,322423600
2020-03-17,59.69829586216656,62.13436816241869,57.5010047474182,60.98869323730469,324056000
2020-03-18,57.831453154323114,60.29888239127563,57.192282792764566,59.49570083618164,300233600
2020-03-19,59.66934960367585,60.98386423258545,58.51643550459872,59.03982925415039,271857200
2020-03-20,59.6187005747609,60.74026183260014,54.99257275597992,55.291656494140625,401693200
2020-03-23,55.01187186548029,55.11317353712298,51.280577065059646,54.117034912109375,336752800
2020-03-24,57.00896347667582,59.74170869121859,56.512101379550025,59.54634094238281,287531200
2020-03-25,60.47976645109919,62.288732546346424,58.92405634525676,59.21831512451172,303602000
2020-03-26,59.45951799394508,62.39245259049927,59.420925829165725,62.33456802368164,252087200
2020-03-27,60.96215304640848,61.714681710456084,59.587339648494336,59.75376510620117,204216800
2020-03-30,60.47735878660068,61.630272940074015,60.154154031335516,61.459022521972656,167976400
2020-03-31,61.6495682716932,63.31140135824747,60.781263041812586,61.33359909057617,197002000
2020-04-01,59.45468518637688,59.990139440698485,57.6770756954336,58.10640335083008,176218400
2020-04-02,57.968921460111474,59.129071143668284,57.13920841031964,59.07600784301758,165934000
2020-04-03,58.56225892051635,59.26172428830562,57.638479859243176,58.22699737548828,129880000
2020-04-06,60.51594604650854,63.460940873525914,60.14933155714907,63.30657958984375,201820400
2020-04-07,65.31572880710591,65.53281061360002,62.4696252718209,62.57333755493164,202887200
2020-04-08,63.3717110057614,64.4884474840079,63.007510761837494,64.17489624023438,168895200
2020-04-09,64.80923169926753,65.13966834587349,63.84444973045493,64.63797760009766,161834800
2020-04-13,64.71514828862199,66.01519525081281,64.11698094413983,65.90665435791016,131022800
2020-04-14,67.5347430495296,69.5246060143818,67.06440885901065,69.23516845703125,194994800
2020-04-15,68.11361434863234,69.0615109892011,67.68670092198845,68.60324096679688,131154400
2020-04-16,69.3147638013278,69.51254587742164,68.10155073366812,69.1483383178711,157125200
2020-04-17,68.66594602627303,69.21105020012682,66.77738117936849,68.2100830078125,215250000
2020-04-20,67.04029751693926,67.93995209285313,66.77498097363504,66.79427337646484,130015200
2020-04-21,66.6374787843657,66.87143866583018,64.02050667372501,64.72962188720703,180991600
2020-04-22,65.99351139350544,67.02824237170336,65.65343214289403,66.5940933227539,116862400
2020-04-23,66.53860187329087,67.95683260093587,66.29740637160167,66.33599853515625,124814400
2020-04-24,66.85939561676216,68.26074088442513,66.81115357242885,68.25109100341797,126161200
2020-04-27,67.96891043082711,68.62979131491335,67.52270450340819,68.29935455322266,117087600
2020-04-28,68.75999295891828,68.94088953934559,67.10057451078693,67.19222259521484,112004800
2020-04-29,68.67561376663903,69.86712041006258,68.4730103815356,69.39920043945312,137280800
2020-04-30,69.93701551143772,71.0392802463668,69.54869445396915,70.86320495605469,183064000
2020-05-01,69.04220099303798,72.11744313333922,68.94572428038448,69.72237396240234,240616800
2020-05-04,69.74650229526233,70.83670324791197,69.05909368437592,70.70886993408203,133568000
2020-05-05,71.16713764358983,72.59983938170623,71.02241888364539,71.77012634277344,147751200
2020-05-06,72.46960600947763,73.14012928036907,72.08610600468356,72.51061248779297,142333600
2020-05-07,73.13528505567275,73.60561913010429,72.8337907414733,73.26070404052734,115215200
2020-05-08,73.9185584660756,75.05766251679151,73.59206160601275,75.00445556640625,133838400
2020-05-11,74.51348118277441,76.67801957612704,74.30548775527488,76.18465423583984,145946400
2020-05-12,76.86666541777984,77.31650723109308,75.19307880379056,75.31400299072266,162301200
2020-05-13,75.4929886898536,76.41201718560454,73.33086305668714,74.40467071533203,200622400
2020-05-14,73.64527323216542,74.92223274185808,72.92456220039374,74.86177062988281,158929200
2020-05-15,72.6391584973057,74.46511071572239,72.6052961832284,74.41915893554688,166348400
2020-05-18,75.73965837102512,76.54501020724649,75.05038903047435,76.17256164550781,135178400
2020-05-19,76.18950390013767,77.03355248472863,75.70097277157296,75.73241424560547,101729600
2020-05-20,76.58854343128702,77.27539194682277,76.5498468046985,77.20526123046875,111504800
2020-05-21,77.06741421541801,77.6067388197399,76.39265509370519,76.62966918945312,102688800
2020-05-22,76.3684584887372,77.20525917779025,76.26688630469137,77.12303161621094,81803200
2020-05-26,78.2379502036352,78.41691564137308,76.5450115593525,76.60063934326172,125522000
2020-05-27,76.45795296780663,77.07949771603786,75.7203109556176,76.93438720703125,112945200
2020-05-28,76.61033098448729,78.22346339630693,76.33462758892847,76.96826934814453,133560800
2020-05-29,77.21008551765564,77.66959590522207,76.53774740179506,76.89326477050781,153532400
2020-06-01,76.84733299745191,77.95983717000007,76.71673278825261,77.83891296386719,80791200
2020-06-02,77.57286288939194,78.22343558014592,77.1326970947877,78.19924926757812,87642800
2020-06-03,78.5185049118518,78.89095352620157,77.94773883188212,78.62975311279297,104491200
2020-06-04,78.45321130607884,78.75068013452528,77.58013468531132,77.95258331298828,87560400
2020-06-05,78.20168176339025,80.23320685109042,78.172661136236,80.17274475097656,137250400
2020-06-08,79.87042024109125,80.68061371663406,79.1618063233987,80.6467514038086,95654400
2020-06-09,80.32753042867137,83.58522126328481,80.29608895604107,83.19342803955078,147712400
2020-06-10,84.13904683755014,85.80054396626458,83.70130187626772,85.33377838134766,166651600
2020-06-11,84.48006542527774,84.90330013235034,81.13530524486026,81.23687744140625,201662400
2020-06-12,83.36997815286581,84.11486795424553,80.83057003176687,81.938232421875,200146000
2020-06-15,80.59599012122506,83.60216436549862,80.43394842399245,82.95159149169922,138808800
2020-06-16,85.00003381550317,85.420855036557,83.36997801465319,85.14997863769531,165428800
2020-06-17,85.89245860360263,85.95292070417966,84.91055468068187,85.03147888183594,114406400
2020-06-18,84.98794487746599,85.48131766696713,84.45829630505166,85.06533813476562,96820400
2020-06-19,85.76912102080368,86.2334658205362,83.47397466183713,84.5792236328125,264476000
2020-06-22,84.97101892587712,86.93482682128399,84.92506713782858,86.7921371459961,135445200
2020-06-23,88.03283047977783,90.05952154919635,87.61443002953723,88.64470672607422,212155600
2020-06-24,88.2746571031473,89.19126451334176,86.7074769720713,87.07992553710938,192623200
2020-06-25,87.23473608906023,88.27468143868919,86.4777492837676,88.2359848022461,137522400
2020-06-26,88.13196647381191,88.35204937887517,85.37730996316603,85.52484130859375,205256800
2020-06-29,85.43296651202334,87.59025797262754,84.95652476165682,87.49593353271484,130646000
2020-06-30,87.08477070075071,88.51168219927229,87.06542607576557,88.2262954711914,140223200
2020-07-01,88.30367932080465,88.84541733018017,88.01104484759307,88.05941009521484,110737200
2020-07-02,88.96392805520118,89.59756962987294,87.94574844202161,88.05941009521484,114041600
2020-07-06,89.48389845748481,90.88178176519018,89.45245698793732,90.4150161743164,118655600
2020-07-07,90.79232666939723,91.56865812021744,90.02325037678547,90.1344985961914,112424400
2020-07-08,91.10914041281748,92.26517560751083,91.02207114050358,92.23373413085938,117092000
2020-07-09,93.1237365851939,93.17694353591374,91.58558408723032,92.63037109375,125642800
2020-07-10,92.22646456657715,92.85043754869993,91.61700927809584,92.79238891601562,90257200
2020-07-13,94.09353334761987,96.69582436714335,92.15149108508342,92.36431884765625,191649200
2020-07-14,91.74760549870197,94.08386192882043,90.8164950630273,93.89280700683594,170989200
2020-07-15,95.76229608743468,96.01139965901083,93.34381194373303,94.53854370117188,153198000
2020-07-16,93.41394840131093,94.22897636244912,92.77788590184623,93.37525177001953,110577600
2020-07-17,93.82510604936869,93.97988521436005,92.71501520536071,93.1866226196289,92186800
2020-07-20,93.27370487801078,95.28829943327267,92.93027679501274,95.15044403076172,90318000
2020-07-21,95.93883651984883,96.01380892881413,93.58806992037168,93.83717346191406,103433200
2020-07-22,93.53970946249737,94.78039302096889,93.4526475751938,94.10079956054688,89001600
2020-07-23,93.83475574009108,93.9121489972856,89.00988472288186,89.81765747070312,197004400
2020-07-24,88.02073328072413,89.93858943355201,86.23830426873995,89.59516143798828,185438800
2020-07-27,90.65443561902725,91.81047044943575,90.43193926774624,91.71856689453125,121214000
2020-07-28,91.29051773530753,91.46706972799262,90.20703422382543,90.21187591552734,103625600
2020-07-29,90.69313969811391,92.12488531095718,90.65686391835999,91.94107818603516,90329200
2020-07-30,91.11638090213245,93.15758190350233,90.71007737841838,93.0535888671875,158130000
2020-07-31,99.5302890268665,102.94518713128302,97.53745326363413,102.79524230957031,374336800
2020-08-03,104.67198887947312,107.99740451645603,104.37452005882113,105.38544464111328,308151200
2020-08-04,105.57410265297072,107.17755904324193,104.8533916212951,106.08924102783203,173071600
2020-08-05,105.81108506672477,106.79298888024711,105.34673293855269,106.47374725341797,121776800
2020-08-06,106.80510328626323,110.68193335336008,106.21741336825394,110.18856048583984,202428800
2020-08-07,109.71126193007606,110.16675794348517,106.88864916741639,107.68334197998047,198045600
2020-08-10,109.12492193624439,110.26366188327368,106.60516497027935,109.24848937988281,212403600
2020-08-11,108.51434892717005,109.01102903844416,105.74018931676449,105.99943542480469,187902400
2020-08-12,107.08729946496186,109.77908349339258,106.89347486656195,109.52226257324219,165598000
2020-08-13,110.89843907131024,112.46117673591529,110.41144495933911,111.46054077148438,210082000
2020-08-14,111.28610608884811,111.4508577562041,109.55619139980415,111.36121368408203,165565200
2020-08-17,112.48056244330753,112.50479236850128,110.44537442392807,111.07046508789062,119561600
2020-08-18,110.82336128656709,112.42001535880881,110.48900747165112,111.99601745605469,105633600
2020-08-19,112.40301184462525,113.54659462972901,112.0420104163777,112.1364974975586,145538000
2020-08-20,112.17768930590152,114.73863746481582,112.16072762152713,114.62476348876953,126907200
2020-08-21,115.58178541828921,121.01380564130231,115.56967415425338,120.53166198730469,338054800
2020-08-24,124.72560677695705,124.81041520723647,120.11251616944286,121.97325897216797,345937600
2020-08-25,120.84905806633049,121.31666526163795,119.25482230830535,120.97261810302734,211495600
2020-08-26,122.28580830184438,123.07323276693351,121.22217601375844,122.61773681640625,163022400
2020-08-27,123.21859477393856,123.55052326117902,120.01074388155709,121.15190887451172,155552400
2020-08-28,122.12347869162592,122.54020825717129,120.73276826199735,120.95567321777344,187630000
2020-08-31,123.64260037932992,126.9570498293378,122.11136090455392,125.05753326416016,225702700
2020-09-01,128.66270574189053,130.63975477764288,126.50153297923832,130.03887939453125,151948100
2020-09-02,133.3436531705274,133.7216162836471,123.08048843223483,127.34468841552734,200119000
2020-09-03,122.99329113592864,124.86372013453284,116.78111381462604,117.14938354492188,257599600
2020-09-04,116.36435863736114,119.88232568427512,107.46767461539385,117.22689056396484,332607200
2020-09-08,110.43326560840723,115.31772172668036,109.20246367456214,109.33814239501953,231366600
2020-09-09,113.64108811318515,115.46306431680152,111.7028127244271,113.69923400878906,176940500
2020-09-10,116.64542916296256,116.78110786689479,109.02800526992252,109.9874496459961,182274400
2020-09-11,111.03412581023233,111.67376035548035,106.60516602652415,108.54344177246094,180860300
2020-09-14,111.17948084192356,112.3521366002866,109.31873818703018,111.79972839355469,140150100
2020-09-15,114.67806184681399,115.16263068004423,110.10373087809108,111.97416687011719,184642000
2020-09-16,111.6737592561301,112.41999215763813,108.5822071057358,108.66942596435547,154679000
2020-09-17,106.33380115819288,108.73725877422822,105.35496990474392,106.93466186523438,178011000
2020-09-18,106.99281442322203,107.45799642585531,102.81582548420052,103.54267883300781,287104900
2020-09-21,101.31364731086168,106.78927632258578,99.91808677711633,106.68267059326172,195713800
2020-09-22,109.20245128230411,109.37689638794417,105.79108936459673,108.35929870605469,183055400
2020-09-23,108.17516907584385,108.65004455027305,103.47484460570544,103.81404876708984,150718700
2020-09-24,101.9242082877403,106.84742948908296,101.75945665626949,104.88008117675781,167743300
2020-09-25,105.08363194535106,108.96987733313789,104.34708500689725,108.81481170654297,149981400
2020-09-28,111.46053870423745,111.76096905147743,109.29935819072301,111.41207885742188,137672400
2020-09-29,111.01474914862773,111.75128862730942,110.06499075546874,110.56893920898438,99382200
2020-09-30,110.27819984549522,113.64110945971419,110.11344818104769,112.23585510253906,142675200
2020-10-01,114.00936590090853,114.08689869652889,112.25522891512048,113.18560028076172,116120400
2020-10-02,109.40597427158033,111.80943945830253,108.75665366895876,109.5319595336914,144712000
2020-10-05,110.3944779447092,113.04991314807994,110.04558778439085,112.904541015625,106243800
2020-10-06,112.12925987546326,112.53630344118018,108.78573684536278,109.66765594482422,161498200
2020-10-07,111.08259403853273,111.98389262412043,110.6077111213325,111.52839660644531,96849000
2020-10-08,112.66227103853464,112.80764318962937,111.05349871590646,111.4217758178711,83477200
2020-10-09,111.72221622412157,113.38913459955495,111.37332598768504,113.36006164550781,100506900
2020-10-12,116.35469801860559,121.31668690372315,115.59877161292933,120.56076049804688,240226800
2020-10-13,121.40390564086033,121.5202048546633,115.9573551882952,117.36260223388672,262330500
2020-10-14,117.26567529237093,119.23302386837867,115.92826777316701,117.44981384277344,150712000
2020-10-15,115.0560520589753,117.459509897586,114.50364375467132,116.98463439941406,112559200
2020-10-16,117.53704016435405,117.79871153091253,115.1432684327753,115.34678649902344,115393800
2020-10-19,116.25775273302293,116.7035551690698,112.09046523401071,112.40058898925781,120639300
2020-10-20,112.613816705773,115.30802617540574,112.06140841970505,113.88339233398438,124423700
2020-10-21,113.06929820388042,115.04634007817563,112.85608671832885,113.26313018798828,89946000
2020-10-22,113.82520424557717,114.39699925474629,111.05347021344092,112.17767333984375,101988000
2020-10-23,112.7979355425483,112.95300112257948,110.75305441797342,111.4896011352539,82572600
2020-10-26,110.4913864151158,112.95299695273278,109.39625612989211,111.4992904663086,111850700
2020-10-27,111.92571374848922,113.66047116286873,111.00503586765389,113.00145721435547,92276800
2020-10-28,111.49932202380221,111.86759177611111,107.67122275639692,107.76813507080078,143937800
2020-10-29,108.90203237848063,113.32129899442697,108.73727331019896,111.760986328125,146129200
2020-10-30,107.63243577844652,108.53373417860142,104.39551925367714,105.50033569335938,190272600
2020-11-02,105.74262715568275,107.26417322328109,104.00786958662283,105.41311645507812,122866900
2020-11-03,106.27565178371685,108.0491682897085,105.37435335866708,107.03157806396484,107624400
2020-11-04,110.6173826820644,112.02262946819745,108.88262521463015,111.40238189697266,138235500
2020-11-05,114.30981274924889,115.92827866732904,113.26314943296055,115.35648345947266,126387100
2020-11-06,114.86620819105919,115.7205180962264,112.74013248938302,115.22541046142578,114457900
2020-11-09,116.982584063866,118.42908863111414,112.66248329970261,112.92459869384766,154515300
2020-11-10,112.17707763232374,114.15752314668202,110.79852205922379,112.5848159790039,138023400
2020-11-11,113.76922430724672,116.13799562982668,113.04111681980898,116.00208282470703,112295000
2020-11-12,116.12827545684921,117.011708557713,115.10892216454586,115.73023986816406,103162300
2020-11-13,115.95352413531403,116.17680624012897,114.42935305539847,115.77877807617188,81581900
2020-11-16,115.44869936969526,117.45827535475047,114.70117908437909,116.78842163085938,91183000
2020-11-17,116.06030900690259,117.14761119066519,115.48752740079281,115.90497589111328,74271000
2020-11-18,115.14773477351584,116.32241357747914,114.55554028628038,114.58466339111328,76322100
2020-11-19,114.15751145503081,115.58460292894434,113.40028105826617,115.17686462402344,74113000
2020-11-20,115.17686579253606,115.30306839104708,113.8662741381708,113.91481018066406,73604300
2020-11-23,113.75949369240169,114.1866523784184,110.42961575192224,110.52669525146484,127959300
2020-11-24,110.58495144916897,112.46831748552103,109.30347536130687,111.80816650390625,113874200
2020-11-25,112.17708182311867,113.34205068763839,111.80816933755735,112.64306640625,76499200
2020-11-27,113.16729360668182,114.06043680969468,112.82751167148025,113.18670654296875,46691300
2020-11-30,113.5556193082818,117.4388583652438,113.40028619079179,115.57490539550781,169410200
2020-12-01,117.47768785199075,119.86587890611962,116.50687811909167,119.13777160644531,127728200
2020-12-02,118.45820316266558,119.76880225855713,117.36119080484525,119.48726654052734,89004200
2020-12-03,119.91442821402666,120.16684084637635,118.64266969338425,119.35136413574219,78967600
2020-12-04,119.02126995710454,119.27368255768253,117.9727936839563,118.68148803710938,78260400
2020-12-07,118.73975719573221,120.93378965648249,118.68151097153174,120.13772583007812,86712000
2020-12-08,120.7396105898644,121.3318051265446,119.49696789528441,120.74931335449219,82225500
2020-12-09,120.89494675486756,122.27349493369557,117.46798924542293,118.2252197265625,115089200
2020-12-10,116.98257670113864,120.25420827611856,116.64279476467264,119.64259338378906,81312200
2020-12-11,118.85625833732891,119.17662738728284,117.03113836127132,118.83684539794922,86939800
2020-12-14,119.021283489644,119.74939086099992,117.99222744160214,118.2252197265625,79184500
2020-12-15,120.71050298397499,124.16659136683006,120.5066337877432,124.14717102050781,157243700
2020-12-16,123.69087513639985,124.62284421095526,122.86568091464977,124.07919311523438,98208600
2020-12-17,125.13738869029768,125.79754711737371,124.30249159373241,124.94322967529297,94359800
2020-12-18,125.1956339798523,125.33154675459895,122.43853039208297,122.9627685546875,192541500
2020-12-21,121.3706398580424,124.56460503939759,119.84646874418631,124.4869384765625,121251600
2020-12-22,127.76831840829334,130.48658966277313,125.86552408614152,128.0304412841797,168904800
2020-12-23,128.30221385873838,128.5643218128226,126.96249172878603,127.13724517822266,88223700
2020-12-24,127.48676208852152,129.56429466422506,127.27318272727676,128.11778259277344,54930100
2020-12-28,130.07881339134244,133.33101740723168,129.61281401111586,132.6999969482422,124486200
2020-12-29,134.0203193956025,134.73870929323533,130.41860788701317,130.93313598632812,121047300
2020-12-30,131.62238763508645,132.02042318765425,129.50601467789232,129.81668090820312,96452100
2020-12-31,130.16615142022158,130.8068893039239,127.87504019853539,128.8167266845703,99116600
2021-01-04,129.62252856286995,129.70989788960378,123.05985224509121,125.63249969482422,143301900
2021-01-05,125.12768641382664,127.89450053196555,124.68110734552344,127.18579864501953,97664900
2021-01-06,123.99184315415357,127.22464193893974,122.69095402050523,122.90453338623047,155088000
2021-01-07,124.61317087407357,127.78772368823323,124.12776587920938,127.09844207763672,109578200
2021-01-08,128.56434751676753,128.75852134682515,126.42856870658443,128.19544982910156,105158200
2021-01-11,125.41893397094314,126.37032352989739,124.74907276649142,125.21505737304688,100384500
2021-01-12,124.74906018656239,125.90432622691371,123.15693269578279,125.0403060913086,91951100
2021-01-13,125.00146811666775,127.61294892404966,124.73936012875102,127.06929779052734,88636800
2021-01-14,126.9819169126251,127.1760758978846,125.00145674818756,125.14708709716797,90221800
2021-01-15,125.02088418474625,126.41885265934873,123.29284393513538,123.42875671386719,111598500
2021-01-19,124.05008172781939,124.9529425933155,123.23460500719132,124.09862518310547,90757300
2021-01-20,124.9044008833116,128.62260444676102,124.79761120554318,128.176025390625,104319500
2021-01-21,129.89434712123654,135.59299559628155,129.6904705564632,132.87472534179688,120150900
2021-01-22,132.30196087543968,135.76775903778582,131.07874583699044,135.01052856445312,114459400
2021-01-25,138.8937382399215,140.85476298969073,132.55433784796116,138.74810791015625,157611700
2021-01-26,139.40828353042602,140.08784738058793,137.24336716103608,138.9811248779297,98390600
2021-01-27,139.2432124060488,140.08782682258447,136.31137810940206,137.9132080078125,140843800
2021-01-28,135.4474245519407,137.84532659995853,132.70973305547886,133.08834838867188,142621100
2021-01-29,131.86510749004256,132.7485480341253,126.40916071663973,128.1080780029297,177523800
2021-02-01,129.84582625364877,131.42825115687322,127.1081351803439,130.2244415283203,106239800
2021-02-02,131.76801136085197,132.33108282824628,130.68070911395654,131.04962158203125,83305400
2021-02-03,131.797170590512,131.80688817183957,129.70993485237824,130.03030395507812,89880900
2021-02-04,132.32139835278772,133.38928040334213,130.66130683037125,133.37957763671875,84183100
2021-02-05,133.53996875011137,133.60801926205087,132.09129544721642,132.96632385253906,75693800
2021-02-08,132.2565583469539,133.1607680783764,131.17734889458671,133.11215209960938,71297200
2021-02-09,132.83021630146237,134.05527394815869,132.08158644572234,132.2371368408203,76774200
2021-02-10,132.69409868188646,133.1899609934861,130.67179521713933,131.63433837890625,73046600
2021-02-11,132.13017580944882,132.6065887223786,130.0592713492993,131.3815460205078,64280000
2021-02-12,130.62320365664934,131.77046392162595,129.98150816834826,131.61489868164062,60145100
2021-02-16,131.731578673249,132.23714344471992,129.10646349095452,129.49537658691406,80576300
2021-02-17,127.60916342263837,128.55225709344114,125.8785412883954,127.21053314208984,97918500
2021-02-18,125.6160684389903,126.39387989777283,123.87572846648807,126.11193084716797,96856700
2021-02-19,126.62721014953155,127.08417376158879,125.22715268582576,126.26746368408203,87668800
2021-02-22,124.45905227095189,126.12162413344431,122.11590849249929,122.50481414794922,103916400
2021-02-23,120.32696020598745,123.1951256816812,115.10591870921408,122.36870574951172,158273000
2021-02-24,121.47422557501572,122.07702231944482,118.83940058972168,121.87284851074219,111039900
2021-02-25,121.22144033722896,122.9520628532438,117.19628243074794,117.63379669189453,148199500
2021-02-26,119.18942513713463,121.38673620225251,117.83798347678476,117.89632415771484,164560400
2021-03-01,120.31722249383586,124.38127119478241,119.3838534155298,124.24515533447266,116307900
2021-03-02,124.84796874824156,125.14936711599789,121.5422817134225,121.64923095703125,102260900
2021-03-03,121.34781109843091,122.2228468911316,118.46019669139757,118.6740951538086,112966300
2021-03-04,118.37271790565526,120.1713983779594,115.3295451588436,116.79765319824219,178155000
2021-03-05,117.62406745905575,118.55743656088569,114.30865590625393,118.0518569946289,153766600
2021-03-08,117.57543907868757,117.64349700338418,112.98636924840858,113.13220977783203,154376600
2021-03-09,115.72817134912674,118.67411961018901,115.4948308955723,117.73102569580078,129525800
2021-03-10,118.31438961434448,118.78107052799325,116.13652062478559,116.65182495117188,111943300
2021-03-11,119.14080957092585,119.79222236399583,117.89631724453561,118.57689666748047,103026500
2021-03-12,117.06015469929451,117.80879195023273,115.85455386939371,117.67267608642578,88105100
2021-03-15,118.04215631738552,120.56030756816384,117.07961303714333,120.55058288574219,92403800
2021-03-16,122.21315268038276,123.6909929248944,121.26034146014726,122.08676147460938,115227900
2021-03-17,120.60892835870807,122.368717641283,118.94635623317845,121.29923248291016,111932600
2021-03-18,119.47134903324158,119.76303010508991,116.98236491309837,117.18653869628906,121229700
2021-03-19,116.5740372845451,118.0615946863235,116.36013878430732,116.66153717041016,185549500
2021-03-22,116.99210188442348,120.43390477213393,116.92404394954326,119.96721649169922,111912300
2021-03-23,119.90888714776963,120.79364033005854,118.75189479932533,119.14080047607422,95467100
2021-03-24,119.41302514045037,119.49080775473756,116.73930897083474,116.75875091552734,88530500
2021-03-25,116.22404193613586,118.28523723675819,115.69902028170112,117.24491119384766,98844700
2021-03-26,117.01156492349538,118.1102241788797,115.62123193079763,117.84770965576172,94071200
2021-03-29,118.275494892758,119.17969748186921,117.381016985914,118.022705078125,80819200
2021-03-30,116.77820181701264,117.06015823420087,115.56287626935224,116.57402801513672,85671900
2021-03-31,118.27548172785468,120.09360396821516,117.7893515172328,118.76161193847656,118323800
2021-04-01,120.22973871260609,120.7353109160336,119.09218827381586,119.58804321289062,75089100
2021-04-05,120.43390523654203,122.66038256872103,119.65609390540438,122.4075927734375,88651200
2021-04-06,122.99094078154718,123.60346216405839,122.16452092387894,122.708984375,80171300
2021-04-07,122.33954801322936,124.37156902257611,121.66868585332091,124.35212707519531,83466700
2021-04-08,125.37299788690146,126.77305548532095,124.9549329616751,126.74388885498047,88844600
2021-04-09,126.199437772379,129.34955284443396,125.87858997142516,129.3106689453125,106686700
2021-04-12,128.84395658242786,129.16480430519968,127.00638495965602,127.5994644165039,91420000
2021-04-13,128.76618458654,130.9246041100814,128.27032223067465,130.7009735107422,91266500
2021-04-14,131.19681975522676,131.255153005102,128.00780685424039,128.36753845214844,87222800
2021-04-15,130.10789773924117,131.2551579244961,129.93288314753977,130.76902770996094,89347100
2021-04-16,130.57456189416538,130.93429345955573,129.58285222938275,130.43844604492188,84922400
2021-04-19,129.80651616783663,131.71215360069297,129.6412336348906,131.09962463378906,94264200
2021-04-20,131.27462375202614,131.7704712922572,128.15366085563892,129.4176025390625,94812300
2021-04-21,128.6883918850069,130.03983329744375,127.65779819666872,129.79676818847656,68847100
2021-04-22,129.34955290809418,130.42876284437168,127.76477810538648,128.2800750732422,84566500
2021-04-23,128.49395363729542,131.37183646308597,128.49395363729542,130.5940399169922,78657500
2021-04-26,131.08988992627178,131.3135056957382,129.85511489088012,130.98294067382812,66905100
2021-04-27,131.26492156542244,131.65383477576822,130.38989280430803,130.66212463378906,66015800
2021-04-28,130.58431883810096,131.2746303918658,129.38844245381026,129.87457275390625,107760100
2021-04-29,132.68437715116124,133.26773932174638,128.77588621347985,129.77731323242188,151101000
2021-04-30,128.1244547995172,129.85507686093618,127.4341583286047,127.81333923339844,109839500
2021-05-03,128.3772578570978,130.35096013574108,128.17309147912826,128.86338806152344,75135100
2021-05-04,127.55086673903944,127.84254787757098,123.18541143255057,124.30351257324219,137564700
2021-05-05,125.61603972510449,126.83136521554766,124.42016359645294,124.54656219482422,84000900
2021-05-06,124.34240242288911,126.15080765787947,123.60348232032891,126.1410903930664,78128300
2021-05-07,127.43639054602403,127.835683170004,126.10212100699981,126.8130874633789,78973300
2021-05-10,126.03395306208488,126.16055151436144,123.50177596650869,123.54073333740234,88071200
2021-05-11,120.2781205077101,122.97585322059021,119.56716154628263,122.62525177001953,126142800
2021-05-12,120.18073081693389,121.38837950118456,119.06073063774643,119.5671615600586,112172300
2021-05-13,121.32996037075966,122.85900193405529,121.01830882379365,121.70978546142578,105861300
2021-05-14,122.95637735686638,124.55359227820217,122.56681111085221,124.12506866455078,81918000
2021-05-17,123.51150748616402,123.61863839013512,121.90455135695586,122.9758529663086,74244600
2021-05-18,123.2582993819835,123.67708183593513,121.52473722434705,121.59291076660156,63342900
2021-05-19,119.94700386173781,121.66108360866002,119.65482729355216,121.43708801269531,92612000
2021-05-20,121.96299261493283,124.3880312073582,121.83637931031465,123.98872375488281,76857100
2021-05-21,124.48542483913151,124.66072928690556,121.94351406158702,122.15777587890625,79295400
2021-05-24,122.72264972174192,124.60230012567476,122.65447618088876,123.78421020507812,63092900
2021-05-25,124.48542900111524,124.9723924215316,123.02456103094238,123.58943176269531,72009500
2021-05-26,123.64786424977021,124.06664669892854,123.12195088824402,123.54073333740234,56575900
2021-05-27,123.1414373640431,124.3101288080937,121.81691643126096,122.0116958618164,94625600
2021-05-28,122.29412358918856,122.51812660764142,121.30073666690714,121.35916900634766,71311100
2021-06-01,121.81692868180114,122.0798816825308,120.70666946919197,121.03779602050781,67637100
2021-06-02,121.03777419532105,121.97272876206887,120.81377861108228,121.79742431640625,59278900
2021-06-03,121.42734431379967,121.59290756486408,119.91777779316642,120.31708526611328,76229200
2021-06-04,120.83324696740925,122.86872666566839,120.61898516439692,122.60576629638672,75169300
2021-06-07,122.87846962118002,123.0245579005518,121.57343116760482,122.61551666259766,71057600
2021-06-08,123.29723143470028,125.10871539339324,122.91740643008383,123.43357849121094,74403800
2021-06-09,123.89133789579034,124.41725123885395,123.21933627459374,123.81342315673828,56877900
2021-06-10,123.70629386140669,124.84577650141729,122.65447459192099,122.82003784179688,71186400
2021-06-11,123.2290871401218,124.11535064804697,122.81030467281765,124.02769470214844,53522400
2021-06-14,124.48543994424124,127.1344745215217,123.75500589494463,127.07604217529297,96906500
2021-06-15,126.5501263983375,127.19291187851302,126.01447183152456,126.25794982910156,62746300
2021-06-16,126.96888521245891,127.47532354376922,125.10872484257997,126.75462341308594,91815000
2021-06-17,126.41374704429569,129.09200433395995,126.26765136661298,128.35182189941406,96721700
2021-06-18,127.3000576157734,128.07917541017278,126.8423177381681,127.05657958984375,108953300
2021-06-21,126.90076263607253,128.95571797256497,125.83920190461266,128.8485870361328,79663300
2021-06-22,128.6829675675103,130.58209255634193,128.18626305147518,130.4846954345703,74783600
2021-06-23,130.2802171084206,130.815871699919,129.75429628741554,130.2120361328125,60214200
2021-06-24,130.9424885852543,131.12753427569476,129.4621379224508,129.92962646484375,68711000
2021-06-25,129.97829578212327,130.39707078875628,129.3452440962624,129.63742065429688,70783700
2021-06-28,129.9296003283306,131.72159479819973,129.87116798746578,131.26385498046875,62111300
2021-06-29,131.28333809814853,132.92925172484664,130.84508067855094,132.77342224121094,64556100
2021-06-30,132.61757943917965,133.82523552499876,132.32540290188453,133.38697814941406,63261400
2021-07-01,133.03639973908412,133.7473514160783,132.218302275189,133.6889190673828,52485800
2021-07-02,134.30244482687868,136.3476657575281,134.15636398642496,136.3087158203125,78852600
2021-07-06,136.415876793308,139.4155130237445,136.415876793308,138.31500244140625,108181800
2021-07-07,139.79530375392193,141.11009072715532,138.9382714107099,140.79844665527344,104911600
2021-07-08,137.88646110200742,140.30175867225685,137.00019762598444,139.50315856933594,105575500
2021-07-09,139.02592340594762,141.8502619651795,138.92852627188464,141.32435607910156,99890800
2021-07-12,142.39568172270836,142.50281263838897,140.24332963884083,140.73028564453125,76299700
2021-07-13,140.2725165312551,143.61304176059716,139.8829577523025,141.84051513671875,100827100
2021-07-14,144.23639158459537,145.6680435964864,143.8273354148668,145.2589874267578,127050800
2021-07-15,145.3466125845258,146.08678025462487,143.25269315111336,144.60643005371094,106820300
2021-07-16,144.5869580069263,145.85303150774294,142.07426368162248,142.57095336914062,93251400
2021-07-19,139.99985324997218,140.31151223035158,137.9741144596603,138.7337646484375,121434600
2021-07-20,139.717408691922,143.26244743833868,139.23045273850917,142.33721923828125,96350000
2021-07-21,141.73344012262586,142.31779338215424,140.85692509405402,141.60682678222656,74993500
2021-07-22,142.13271101540525,144.33374665171397,142.00609770767423,142.97027587890625,77338200
2021-07-23,143.70069581628857,144.84017089255983,143.0871265980212,144.68434143066406,71447400
2021-07-26,144.40196197857813,145.9212625899734,143.8468249071035,145.10317993164062,72434100
2021-07-27,145.22972386851797,145.31738722526956,141.75286644595897,142.9410400390625,104818600
2021-07-28,141.03220589476328,143.13585955365372,138.82142131266863,141.19776916503906,118931200
2021-07-29,140.91530189117023,142.72677844865797,140.80817099785102,141.84051513671875,56699500
2021-07-30,140.61340882010876,142.51253410621536,140.35044843873504,142.05479431152344,70440600
2021-08-02,142.5417457565108,143.11635020883497,141.4607029570404,141.72366333007812,62880000
2021-08-03,142.0061193250026,144.17793912255732,141.39254995347815,143.51568603515625,64786600
2021-08-04,143.4280072023747,143.93443068193204,142.46382908813206,143.11634826660156,56368300
2021-08-05,143.14558074057953,143.98314564998552,142.35671440302508,143.22349548339844,46397700
2021-08-06,142.74559073997008,143.48686754429556,142.04332223777357,142.54075622558594,54126800
2021-08-09,142.59926530339968,143.0869508994325,141.936020036627,142.49197387695312,48908700
2021-08-10,142.83337693150492,144.0721026616934,141.72145423409515,142.01406860351562,69023100
2021-08-11,142.45296206335397,143.10645895995768,141.94576488875748,142.26763916015625,48493500
2021-08-12,142.58950812317931,145.37907015513477,142.24812227389452,145.22300720214844,72282600
2021-08-13,145.30102293180235,145.7594485046543,144.61826619020815,145.42782592773438,59375000
2021-08-16,144.88164213986906,147.4663849394875,142.86263134674047,147.39810180664062,103296000
2021-08-17,146.53000561245062,147.94429082183916,145.4180830822368,146.49099731445312,92229700
2021-08-18,146.1106045300614,147.00794422226895,142.55049082276733,142.7553253173828,86326000
2021-08-19,141.45809163231115,144.35494544436725,140.94114605885855,143.0869598388672,86960300
2021-08-20,143.8087395067066,144.84263065061194,143.16499090967656,144.54026794433594,60549600
2021-08-23,144.65726832283815,146.49097053616202,144.2476142953258,146.02279663085938,60131800
2021-08-24,145.76923200651873,147.14450905669656,145.47661765156835,145.93504333496094,48606400
2021-08-25,146.120370599229,146.61781948232644,144.15987966385998,144.70608520507812,58991300
2021-08-26,144.69632845972228,145.4473535938561,143.87700531241939,143.90626525878906,48597200
2021-08-27,143.84772924961433,145.08645474475415,143.21374397198983,144.94015502929688,55802400
2021-08-30,145.3302769581914,149.7096980445359,144.94988286885493,149.3488006591797,90956700
2021-08-31,148.90018188960238,149.03673327230263,147.56391312712373,148.0906219482422,86453100
2021-09-01,149.0659558284964,151.16299758315895,148.5880186674378,148.7538299560547,80313700
2021-09-02,150.08035127222993,150.90942268736845,148.64655451799135,149.8657684326172,71115500
2021-09-03,149.97306236375573,150.82164538297303,149.3195654805312,150.49977111816406,57808700
2021-09-07,151.15326259436534,153.38685589495006,150.58754556278473,152.83090209960938,82278300
2021-09-08,153.11376479693286,153.1722846868866,150.1876512353804,151.28982543945312,74420200
2021-09-09,151.6604308143289,152.2651560265842,150.1583512521099,150.27540588378906,57305700
2021-09-10,151.18254333907822,151.65071737057013,145.03770150418336,145.30105590820312,140893200
2021-09-13,146.92017826380882,147.69071501388157,145.08647552487224,145.8667755126953,102404300
2021-09-14,146.64702700212126,147.34929527061283,143.2917485822126,144.47193908691406,109296300
2021-09-15,144.9011172737186,145.7594485393446,142.76505234502355,145.3595428466797,83281300
2021-09-16,144.78411725815147,145.30106285331667,143.59416308886955,145.12548828125,68034100
2021-09-17,145.1547725078231,145.1547725078231,142.17012365338147,142.46273803710938,129868800
2021-09-20,140.2583754550107,141.27275491051466,137.79068761664803,139.4195556640625,123478900
2021-09-21,140.38516176883357,141.03867353306788,139.2634909051742,139.89747619628906,75834000
2021-09-22,140.8923300236282,142.82356032742504,140.1608018149043,142.2578582763672,76404300
2021-09-23,143.03817057425258,143.457587900221,142.0530510886709,143.2137451171875,64838200
2021-09-24,142.07256662788618,143.83798604484667,141.97502355876833,143.30152893066406,53477900
2021-09-27,141.88721590155166,142.3651530337308,140.2778597575895,141.7896728515625,74150700
2021-09-28,139.72192610299075,141.18498292082313,138.20034939372246,138.41493225097656,108972300
2021-09-29,138.9611368887371,140.89236770909372,138.53197117688373,139.31227111816406,74602000
2021-09-30,140.12183534910463,140.82410382973063,137.80044704464729,138.01502990722656,89056700
2021-10-01,138.40515987182454,139.40004260947205,135.68388091891475,139.13668823242188,94639600
2021-10-04,138.26857120239484,138.70750000671873,134.86453634124737,135.71310424804688,98322000
2021-10-05,136.05454682483122,138.73681787676418,135.9277437943665,137.6346435546875,80861100
2021-10-06,136.03502801816884,138.6490157972431,134.9621137010957,138.50271606445312,83221100
2021-10-07,139.53657886179528,140.66801284222436,139.2049562794912,139.7609100341797,61732700
2021-10-08,140.48272854170557,140.62902828496263,139.048931525846,139.38055419921875,58773200
2021-10-11,138.76607644203366,141.24351294952652,138.31739910385002,139.2927703857422,64452200
2021-10-12,139.70242001460875,139.72193160685052,137.56635459515326,138.0247802734375,73035900
2021-10-13,137.76143421982243,137.9174823014052,135.77166862906188,137.43955993652344,78762700
2021-10-14,138.60998871817293,140.3363997461316,138.024760100328,140.21934509277344,69907100
2021-10-15,140.2291266309253,141.33128600610704,139.97552058470157,141.27276611328125,67940300
2021-10-18,139.91698682828363,143.22349439217342,139.63413574665708,142.94064331054688,85589200
2021-10-19,143.38929207620686,145.4960971069184,142.94062972963636,145.09619140625,76378900
2021-10-20,145.03767215675973,146.06181473584434,144.4719551618084,145.58387756347656,58418800
2021-10-21,145.14498028007083,145.95454013073487,144.2281290062348,145.79847717285156,61421000
2021-10-22,146.00329463249273,146.48121692115393,144.97915205496275,145.02792358398438,58883400
2021-10-25,145.0181953145529,145.69120388157359,143.98430413512364,144.97918701171875,50720600
2021-10-26,145.6521738906202,147.12497895180522,145.34004798248478,145.64242553710938,60893400
2021-10-27,145.68140905786274,146.04229155515878,144.8328410742834,145.18397521972656,56094900
2021-10-28,146.13013733509126,149.39762230558532,146.03259425054543,148.81240844726562,100077900
2021-10-29,143.59415144162946,146.24716233667445,142.8041031388741,146.11061096191406,124953200
2021-11-01,145.3205197027828,146.0130247261565,144.1598259189258,145.291259765625,74588300
2021-11-02,144.9987049719068,147.8370391039872,144.988941733531,146.32521057128906,69122000
2021-11-03,146.68605801297326,148.22714612515688,146.1301042293714,147.75897216796875,54511500
2021-11-04,147.8467296178319,148.67578599123124,146.92987854832478,147.24200439453125,60394600
2021-11-05,148.36537673506885,148.66818076925497,146.5778402798623,147.76953125,65463900
2021-11-08,147.8964665160418,148.0527572213007,146.67547332752292,146.948974609375,55020900
2021-11-09,146.71454897260128,147.91600218212633,146.57779832196186,147.31039428710938,56787900
2021-11-10,146.53874739869644,146.64619541359409,144.41910465453822,144.4874725341797,65187100
2021-11-11,145.50331597045192,145.96239567531134,144.25300529217714,144.4385986328125,41000000
2021-11-12,144.9856178095641,146.90990439693277,144.05766590459464,146.50942993164062,63804000
2021-11-15,146.88060480284193,148.3555742437889,145.9624154592678,146.51919555664062,59222800
2021-11-16,146.46061733416252,147.97465228236786,145.87453448172622,147.4960174560547,59256200
2021-11-17,147.4959684847215,151.4031464578267,147.4862059054811,149.92819213867188,88807000
2021-11-18,150.1431040324191,154.98799688592075,149.4984160214015,154.20655822753906,137827700
2021-11-19,153.9916581394781,157.28346597858675,152.89765298958213,156.82437133789062,117305600
2021-11-22,157.9281509208038,161.8548695638248,157.26393771700205,157.28347778320312,117467900
2021-11-23,157.3811346832133,158.0453627342285,155.36894027506222,157.66441345214844,96041900
2021-11-24,157.01974088138022,158.3774848564214,155.9354982175197,158.18212890625,69463600
2021-11-26,155.8671359816053,156.72670517440085,152.7316184657377,153.17117309570312,76959800
2021-11-29,155.67178482147494,157.44955853817083,155.10524204048522,156.5216064453125,88748200
2021-11-30,156.2774094838687,161.67908367603815,156.20902669183067,161.4641876220703,174048100
2021-12-01,163.59354652559932,166.3481143018466,160.7120055934647,160.94644165039062,152052500
2021-12-02,155.0563862894109,160.38967666927002,154.13819694441963,159.9598846435547,136739200
2021-12-03,160.21386222018816,161.13205157338396,156.01364225594332,158.08444213867188,118023100
2021-12-06,160.47757621707362,163.98428011365826,160.46781363689186,161.4836883544922,107497000
2021-12-07,165.15645786646198,167.5984447377344,164.43362438687151,167.2077178955078,120405400
2021-12-08,168.13567063026588,171.87679598965886,166.7388465074218,171.0172119140625,116998900
2021-12-09,170.85116144440897,172.6484600825667,169.8841293433167,170.50927734375,108923700
2021-12-10,171.1442122366866,175.46164318083981,170.63627480069655,175.2858123779297,115402700
2021-12-13,176.91707224257422,177.90364454540125,171.45679280017228,171.66192626953125,153237000
2021-12-14,171.18328686899508,173.61551126067369,168.21383726682737,170.28463745117188,139380400
2021-12-15,171.0465102933484,175.33463817394934,168.31148231582245,175.1392822265625,131063300
2021-12-16,175.11973661793166,176.9365751900634,166.78767978084602,168.26263427734375,150185800
2021-12-17,165.98669687061619,169.444558052229,165.75227570894924,167.1686248779297,195432700
2021-12-20,164.37502357405398,166.6216545378973,163.5740596088574,165.8109130859375,107499100
2021-12-21,167.578929337747,169.18087236492605,165.19554741578878,168.9757537841797,91185900
2021-12-22,169.02456703895956,171.77913555211592,168.15522025592128,171.56423950195312,92135300
2021-12-23,171.76933180091095,172.74612637491737,171.20278915942293,172.18934631347656,68356600
2021-12-27,172.98058061033834,176.233308952318,172.9610554465104,176.14540100097656,74919600
2021-12-28,175.97935346537145,177.1222015844957,174.38717318344425,175.12953186035156,79144300
2021-12-29,175.16856451921535,176.43840038673264,174.0061766459811,175.2174072265625,62348900
2021-12-30,175.30533745901636,176.3798175385403,173.95735606919604,174.06480407714844,59773000
2021-12-31,173.95733955389892,175.07088475573076,173.14659828081136,173.4494171142578,64062300
2022-01-03,173.70339765267045,178.6362137085352,173.58618706197944,177.78639221191406,104487900
2022-01-04,178.39201490568885,178.69481886787932,174.96345608354855,175.52999877929688,99310400
2022-01-05,175.44210103848545,175.9891036993743,170.58743006603996,170.86093139648438,94537600
2022-01-06,168.69243553501073,171.23210762394186,167.65703557565845,168.00868225097656,96904000
2022-01-07,168.878037036841,170.0990304259398,167.06119827767387,168.17474365234375,86709100
2022-01-10,165.15642793014217,168.4970635759533,164.26754129298973,168.1942596435547,106765600
2022-01-11,168.32126400156088,171.1148824378415,166.85607200254188,171.0172119140625,76138300
2022-01-12,172.03310776443337,173.06850794205806,170.76328635698084,171.45680236816406,74805200
2022-01-13,171.70094857794888,172.52145244084235,167.80353287215138,168.1942596435547,84505800
2022-01-14,167.36396777404897,169.74734876331195,167.11976914653764,169.0538330078125,80440800
2022-01-18,167.53002095796475,168.5361181103695,165.478761430844,165.85971069335938,90956700
2022-01-19,166.0550783276264,167.11001826086033,162.08929472408371,162.37255859375,94815000
2022-01-20,163.10514273299674,165.74248492301732,160.37011513031928,160.6924591064453,91420500
2022-01-21,160.60458738914824,162.4702688967568,158.53378733529433,158.6412353515625,122848900
2022-01-24,156.30665983978236,158.5337501042213,151.11010595295735,157.86952209472656,162294600
2022-01-25,155.29079647095608,158.98307875093712,153.3762874615523,156.07223510742188,115798400
2022-01-26,159.70591419723806,160.575260779249,154.15772812433738,155.9843292236328,108275300
2022-01-27,158.68031157129744,160.03805574105326,154.60707906202995,155.5252685546875,121954600
2022-01-28,161.86468439588282,166.39701199453762,159.02220774828047,166.37747192382812,179935700
2022-01-31,166.21138037947398,170.93906288440527,165.576454917367,170.7241668701172,115541600
2022-02-01,169.97202274767105,170.78276405312576,168.31147491088436,170.55810546875,86213900
2022-02-02,170.69487983616585,171.79866265554188,169.30783310188434,171.75958251953125,84914300
2022-02-03,170.4311395793071,172.15030783567607,168.125903430298,168.88780212402344,89418100
2022-02-04,167.90975737649003,170.27662529840396,166.93171820745542,168.6041717529297,82465400
2022-02-07,169.0638417050099,170.12990075671365,167.19578341710826,167.89019775390625,77251200
2022-02-08,167.9586729996618,171.499185164809,167.66525824555538,170.9906005859375,74829200
2022-02-09,172.18379236064646,172.77060688626915,171.05903840340724,172.4087371826172,71285000
2022-02-10,170.3157773974167,171.62634658770864,167.78265897953224,168.3401336669922,90865900
2022-02-11,168.54547473503922,169.27900403758753,164.34967876719554,164.93650817871094,98670700
2022-02-14,163.69441590726865,165.8558891027738,162.9022065441299,165.1712646484375,86185500
2022-02-15,167.21538330696293,169.15189697697923,166.5111938044669,168.9954071044922,62527400
2022-02-16,168.07605663944543,169.53332561896576,166.3155829464961,168.76068115234375,61177400
2022-02-17,167.27404295611913,168.1347222265384,164.7702649952927,165.1712646484375,69589300
2022-02-18,166.0906242687398,166.79479876362558,162.54033719370844,163.62596130371094,82772700
2022-02-22,161.35687442039574,163.02932772220805,158.58902218443671,160.7113800048828,91162800
2022-02-23,161.90457789540673,162.5011823133144,156.24173835796486,156.55471801757812,90009200
2022-02-24,149.22923948055748,159.27370735740539,148.66197489078866,159.16612243652344,141147500
2022-02-25,160.24195287546036,161.4938419663862,157.33717500506495,161.2297821044922,91974200
2022-02-28,159.47904685433394,161.78721963459702,158.86287747049465,161.49380493164062,95056600
2022-03-01,161.08307153976776,162.94135518491746,158.41302839932598,159.6160125732422,83474400
2022-03-02,160.77981797223677,163.68459476775294,159.37143953517563,162.90216064453125,79724800
2022-03-03,164.7702811660162,165.20062084345977,161.9144082164394,162.5794677734375,76678400
2022-03-04,160.87762742530813,161.91434629337496,158.54011500197396,159.58660888671875,83737200
2022-03-07,159.7724878532729,161.39603654297554,155.5473512521712,155.80165100097656,96418800
2022-03-08,155.33215089914594,159.302986589477,152.37846913530916,153.98245239257812,131148300
2022-03-09,157.93380185036105,159.82142569710896,155.90926800503573,159.37152099609375,91454900
2022-03-10,156.68188663700346,156.86771648439594,152.5545597614365,155.03878784179688,105342000
2022-03-11,155.4397623739769,155.78208206231224,151.10705589580672,151.33200073242188,96970100
2022-03-14,148.1240148231261,150.73537736075448,146.80367102699051,147.31224060058594,108732100
2022-03-15,147.58611061794517,152.15356685525754,147.07754097449947,151.68409729003906,92964300
2022-03-16,153.60103819497576,156.48625045296393,151.06792059745445,156.0852508544922,102300200
2022-03-17,155.12676781405298,157.46428044860957,154.16829376386883,157.09262084960938,75615400
2022-03-18,156.98504839102176,160.86786475806085,156.25151907619613,160.37884521484375,123511700
2022-03-21,159.9191797677464,162.69682236043158,159.4301601813594,161.7481231689453,95811400
2022-03-22,161.8752272476192,165.69936326568208,161.28841281006214,165.112548828125,81532000
2022-03-23,164.30079784879288,168.84867380689857,163.9682532045546,166.4720458984375,98062700
2022-03-24,167.30337650948087,170.31573891650316,166.4720521767643,170.24728393554688,90131400
2022-03-25,170.06143114397722,171.430679815148,168.95624226558783,170.8829803466797,80546200
2022-03-28,168.38900077447545,171.87081780430975,168.22273590773543,171.74368286132812,90371900
2022-03-29,172.8097389298353,175.0787819860724,172.46741925958432,175.02989196777344,100589400
2022-03-30,174.62883588954253,175.66555466041436,172.81945808655345,173.865966796875,92633200
2022-03-31,173.9344990439243,174.12032889178556,170.57004158960083,170.7754364013672,103049300
2022-04-01,170.20816010667752,171.0394993928561,168.1640617684755,170.4820098876953,78751300
2022-04-04,170.73632454310336,174.57023673592576,170.60917466091976,174.52133178710938,76468400
2022-04-05,173.6019328264619,174.38436705774205,170.589570736433,171.21551513671875,73401800
2022-04-06,168.57486295748595,169.8169771105806,166.39383938569154,168.05650329589844,89058800
2022-04-07,167.401190693142,169.55287391806212,166.11996174699982,168.3596649169922,77594700
2022-04-08,168.0075484323814,168.0075484323814,165.48420586824818,166.3546600341797,76575500
2022-04-11,165.00498773482366,165.31795249524248,161.8654755697351,162.1099853515625,72246700
2022-04-12,164.33013728303388,166.13950070260202,162.9804385205217,163.97804260253906,79265200
2022-04-13,163.71395993382896,167.28379658301122,163.10758048377514,166.65785217285156,70618900
2022-04-14,166.87301451784703,167.50874884154206,161.41555493977322,161.66006469726562,75329400
2022-04-18,160.3201467390001,162.94129894819648,159.97784205250275,161.4449005126953,69023900
2022-04-19,161.39604679422817,164.1345597736567,160.31042259224273,163.72377014160156,67723800
2022-04-20,165.05389393478876,165.17126878968486,162.45232094308298,163.5574951171875,67929800
2022-04-21,165.20059691129774,167.7630547165198,162.266479452362,162.76527404785156,87227800
2022-04-22,162.8043941791054,164.1834179598548,157.95331370568275,158.2369384765625,84882400
2022-04-25,157.5816658069576,159.58664908398902,154.98009296481885,159.3030242919922,96046400
2022-04-26,158.6868628689345,158.7748828167284,153.2783071958642,153.35655212402344,95623200
2022-04-27,152.48609759207858,156.2808795981602,151.967738002025,153.13160705566406,88063200
2022-04-28,155.7527344180899,160.9070049099631,155.43975472715812,160.04632568359375,130216800
2022-04-29,158.28585264208988,162.55010393809633,153.79665651995063,154.1878662109375,131747600
2022-05-02,153.26850950984627,154.75511815394006,149.9040527150275,154.49105834960938,123055300
2022-05-03,154.67688255687574,157.18067526746918,152.88708408047324,155.97767639160156,88966500
2022-05-04,156.16352911233957,162.82397418149506,155.76252942825218,162.37408447265625,108256500
2022-05-05,160.25174474333807,160.47668960295778,151.5471860479713,153.3272247314453,130525300
2022-05-06,152.8080631040653,156.16767394547392,151.0156200226824,154.052001953125,116124600
2022-05-09,151.7502553954864,152.6317930294346,148.3808694909006,148.9391632080078,131577900
2022-05-10,152.32814774676658,153.5231099451531,149.7912929478581,151.3388671875,115366700
2022-05-11,150.34962062380012,152.25959652859348,142.8174450559726,143.4932861328125,142689800
2022-05-12,139.83979077150929,143.19938623116693,135.95126990961808,139.63409423828125,182602000
2022-05-13,141.62241482375455,145.06038475011871,140.17279469669467,144.0906982421875,113990900
2022-05-16,142.56276758428663,144.4923369438145,141.22087499257742,142.55296325683594,86643800
2022-05-17,145.80481151470883,146.69613834453236,143.66954586445135,146.17701721191406,78336300
2022-05-18,143.83608013972986,144.33560760113403,137.0287088681347,137.92984008789062,109742900
2022-05-19,137.00917165386505,138.75263855251626,133.79649006900493,134.53109741210938,136095600
2022-05-20,136.23534285932448,137.81230015984903,129.8883411847853,134.76612854003906,137426100
2022-05-23,134.96198648449013,140.31972120246527,134.8248604473741,140.1728057861328,117726300
2022-05-24,137.92003986063096,139.05623582746938,134.51146690573626,137.47927856445312,104132700
2022-05-25,135.58885488011762,138.87989482274827,135.50070562747283,137.63597106933594,92482700
2022-05-26,134.57023400738558,141.37759058232152,134.3253649583187,140.82908630371094,90601500
2022-05-27,142.40607296312103,146.6080201361109,142.2787362487316,146.56884765625,90978500
2022-05-31,146.01050754614022,147.5678709384086,143.82626511004062,145.78521728515625,103718400
2022-06-01,146.82346195823692,148.62570934761555,144.649023812494,145.65789794921875,74286600
2022-06-02,144.79597858853165,148.16537934399943,143.84588541228797,148.1066131591797,72348100
2022-06-03,143.8850023092343,144.93304868576854,141.4950936911797,142.39620971679688,88570300
2022-06-06,144.01235806018857,145.52075950090375,141.92606935448035,143.140625,71598400
2022-06-07,141.3873815394989,145.94193944320352,141.1425125135875,145.65789794921875,67808200
2022-06-08,145.5305491597089,146.79406665216868,144.43354079753493,144.92327880859375,53950200
2022-06-09,144.06133943857793,144.91347882072873,139.60472041542363,139.71246337890625,69473000
2022-06-10,137.40089525066517,137.8710395567264,134.24698126233585,134.3155517578125,91437900
2022-06-13,130.1429657001856,132.42514647480579,128.74232225475177,129.1732940673828,122207100
2022-06-14,130.3976794412042,131.14207601932122,128.7815346427886,130.03526306152344,84784300
2022-06-15,131.53383428431485,134.5212392737676,129.44756042743367,132.6504364013672,91533000
2022-06-16,129.36919361966238,129.67282879246193,126.39157816992548,127.3906478881836,108123900
2022-06-17,127.40048374314352,130.34870189215334,127.14581035148301,128.85989379882812,134520300
2022-06-21,130.68172228241795,134.24701531100777,130.58378362269173,133.08143615722656,81000500
2022-06-22,132.0235786011109,134.93262385029735,131.16164978530637,132.5720977783203,73409200
2022-06-23,134.01196741784136,135.74562987459043,132.8463881175349,135.4322052001953,72433800
2022-06-24,137.02872148660157,138.99747831559026,136.90139973704072,138.7526092529297,89116800
2022-06-27,139.77125797752416,140.5450525850796,138.0767682486871,138.7526092529297,70207900
2022-06-28,139.21294709984699,140.47646473111445,134.50166930718802,134.61920166015625,67083400
2022-06-29,134.63878986432783,137.78289974267364,133.8649953839291,136.37245178222656,66242400
2022-06-30,134.43310739232075,135.53011594509118,131.0245344279122,133.9139862060547,98964500
2022-07-01,133.2479278277153,136.1863562547321,132.87573705664798,136.07861328125,71051600
2022-07-05,134.94245447298385,138.70363989022064,134.11968301964518,138.6546630859375,73353800
2022-07-06,138.44895512148898,141.16209320483665,138.18449238511542,139.98672485351562,74064300
2022-07-07,140.34913434840425,143.5422362397496,140.3393449670909,143.34634399414062,66253700
2022-07-08,142.27865939245598,144.5216675026719,142.02400104686257,144.02212524414062,64547800
2022-07-11,142.68034324033502,143.6304366628183,140.82913321061903,141.89675903320312,63141600
2022-07-12,142.768425199881,145.40321819395862,142.07300556646354,142.8663787841797,77588800
2022-07-13,140.05532229787818,143.4443019452147,139.20316774910646,142.50401306152344,71185600
2022-07-14,141.1229362743088,145.89298070687983,140.30996921418316,145.42283630371094,78140700
2022-07-15,146.70591085003534,147.76374670018814,145.15833701067942,147.08790588378906,76259900
2022-07-18,147.64623499784832,148.45920196700573,143.6891431225671,144.0515594482422,81420900
2022-07-19,144.88412086859606,148.1261847699647,143.89485526545627,147.90090942382812,82982400
2022-07-20,148.0184099284549,150.5650535340759,147.2838029205586,149.8990020751953,64823400
2022-07-21,151.32909076479385,152.37713759641647,148.82163378808133,152.16165161132812,65086600
2022-07-22,152.20078156045275,153.0725146399616,150.26142318216912,150.92745971679688,66675400
2022-07-25,150.84910958984113,151.85796878260385,149.15462011252404,149.8108673095703,53623900
2022-07-26,149.1350139839463,149.9479808770686,147.70498735893062,148.4885711669922,55138700
2022-07-27,149.44846596743406,154.1009774684585,149.03708779660727,153.57205200195312,78620700
2022-07-28,153.75814339733685,154.4046011657363,151.24089776552904,154.1205596923828,81378700
2022-07-29,157.93072824104914,160.2716754702952,156.22643448443253,159.17465209960938,101786900
2022-08-01,157.70543713439505,160.23248719622674,157.58790478823227,158.19517517089844,67829400
2022-08-02,156.81416215078264,159.076750020311,156.35380709254014,156.7259979248047,59907000
2022-08-03,157.53896009762985,163.17094866506537,157.45081082004532,162.72039794921875,82507500
2022-08-04,162.60282888470158,163.75861850349844,161.05525478751719,162.4069366455078,55474100
2022-08-05,160.0823608155598,162.67176904705062,159.87637852795464,162.1813507080078,56697000
2022-08-08,163.18181120847004,164.59421857415984,161.05339717997808,161.71055603027344,60276900
2022-08-09,160.8768354992681,162.6423445061743,160.1215870695177,161.75958251953125,63135500
2022-08-10,164.46669306704544,166.09488560468589,163.70164162721542,165.99681091308594,70170500
2022-08-11,166.80107516257124,167.713261012407,164.9669154508603,165.26116943359375,57149200
2022-08-12,166.56566536252754,168.8706222095757,166.15370085284405,168.80197143554688,68039400
2022-08-15,168.2331437531316,170.06730390664768,168.06640328157403,169.8711395263672,54091700
2022-08-16,169.4689479524639,170.38113378052608,168.37041574061854,169.7141571044922,56377100
2022-08-17,169.45914438952641,172.77436193637106,169.2629800618565,171.2050323486328,79542000
2022-08-18,170.4203849105247,171.54834118381174,169.8024529702403,170.81271362304688,62290100
2022-08-19,169.71416649279175,170.41056710828244,168.02712623620275,168.2331085205078,70346300
2022-08-22,166.43817940694694,166.6049198473659,163.9370428679026,164.3588104248047,69026800
2022-08-23,163.8782405504445,165.4770095793918,163.45647287646895,164.02536010742188,54147100
2022-08-24,164.11356702212305,164.88842125613922,163.0640648046323,164.3195343017578,53841500
2022-08-25,165.5456215718219,166.87956011908489,165.1238689631101,166.77166748046875,51218200
2022-08-26,167.30132415112922,167.77212157949262,160.42564926256463,160.4844970703125,78961000
2022-08-29,158.06179612101135,159.7782599974509,156.75729674532928,158.2873992919922,73314000
2022-08-30,159.02304111055471,159.44479366035216,154.69754815714236,155.86474609375,77906200
2022-08-31,157.23793525223348,157.50276536238007,154.1286845852179,154.2071533203125,87991100
2022-09-01,153.63825654168207,155.38414463005734,151.70600708998924,154.93296813964844,74229900
2022-09-02,156.6886565527691,157.286967514474,152.00025851175562,152.82415771484375,76957800
2022-09-06,153.47153612406976,154.07965015411935,150.74481100262022,151.56871032714844,73714800
2022-09-07,151.85311468464747,153.66765323664163,150.66629592998046,152.9712677001953,87449600
2022-09-08,151.67658920142858,153.36362955067995,149.75414265238146,151.5000457763672,84923800
2022-09-09,152.49067960307377,154.79565178409123,151.78447599724632,154.35426330566406,68028800
2022-09-12,156.53173198406338,161.11223777090294,156.24729591423596,160.2981414794922,104956000
2022-09-13,156.8357585865151,157.46349338077283,150.43089710301157,150.8918914794922,122656600
2022-09-14,151.82368576965968,154.0894308134101,150.66630580332588,152.33372497558594,87965400
2022-09-15,151.6863795720259,152.26508456095567,148.47905455230304,149.4500732421875,90481100
2022-09-16,148.31229368839013,148.4496101996778,145.52670665510445,147.8120574951172,162278800
2022-09-19,146.44872924023372,151.5981220543988,146.24276190884032,151.5196533203125,81474200
2022-09-20,150.4603364872082,155.05065980282333,150.14647654096675,153.8932647705078,107689800
2022-09-21,154.32487092805448,155.69805153828966,150.65655057959955,150.7742462158203,101696800
2022-09-22,149.4599321736332,151.50987771041477,148.01810072789718,149.8130340576172,86652500
2022-09-23,148.29271727039426,148.5673503753869,145.71311171309017,147.54727172851562,96029900
2022-09-26,146.79202323434507,150.82326264584486,146.77240230987616,147.88075256347656,93339400
2022-09-27,149.81300689014782,151.75505941669135,147.07646404392761,148.85177612304688,84442700
2022-09-28,144.81074419198137,147.7532545846386,142.0643981655583,146.9685821533203,146691400
2022-09-29,143.3002421615135,143.9083561021041,137.98409428837317,139.74960327148438,128138200
2022-09-30,138.5725991267457,140.35772899315157,135.35545614892226,135.55162048339844,124925300
2022-10-03,135.56144631438175,140.32831325471835,135.05140704196927,139.72018432617188,114311700
2022-10-04,142.25075989142124,143.41795807791704,141.4955113649154,143.30026245117188,87830100
2022-10-05,141.30916116839794,144.55572849466822,140.26946161653336,143.59449768066406,79471000
2022-10-06,143.0158044200555,144.7126478104947,142.43711432828448,142.64308166503906,68402200
2022-10-07,139.80844218113944,140.35772324812106,136.7776606833551,137.4053955078125,85925600
2022-10-10,137.72909545898438,139.1709266873786,135.91455644051044,137.72909545898438,74899000
2022-10-11,137.21901816017072,138.64124303543636,135.57122005048993,136.316650390625,77033700
2022-10-12,136.46383432846753,137.67025945099226,135.51242139642648,135.68896484375,70433700
2022-10-13,132.40313927882985,140.83832513907973,131.79501040391918,140.2498321533203,113224000
2022-10-14,141.54453406151188,141.75051634248345,135.5418185741853,135.72817993164062,88598000
2022-10-17,138.36663643162046,140.16155437004147,137.5819641011487,139.6809539794922,85250900
2022-10-18,142.70191550699425,143.8887193551449,137.91542833833753,140.99525451660156,99136600
2022-10-19,138.97476591255997,142.1722884311379,138.78840452952474,141.10317993164062,61758300
2022-10-20,140.27927658716155,143.0942732786787,139.91635681145763,140.64218139648438,64522000
2022-10-21,140.13212478208789,145.0167019837592,139.916339525803,144.44781494140625,86548600
2022-10-24,144.3693587197694,147.3510957532076,143.2021606323234,146.58604431152344,75981900
2022-10-25,147.21377179556336,149.56778877679034,146.4977652190575,149.420654296875,74732300
2022-10-26,148.06712385627637,149.07738452163943,145.20306734701933,146.48797607421875,88194300
2022-10-27,145.23250204640354,146.1937178528811,141.36800292889203,142.02516174316406,109180200
2022-10-28,145.36000606754794,154.48179100593666,144.98729827273644,152.75552368164062,164762400
2022-10-31,150.22494584357278,151.28425122815005,149.00870300208484,150.4014892578125,97943200
2022-11-01,152.10817643552318,152.47108127109797,146.27220032701106,147.7630615234375,80379300
2022-11-02,146.0956258102425,149.25392123210702,142.2213237765035,142.25074768066406,93604600
2022-11-03,139.3376507448135,140.06347524662803,136.0910838596121,136.21859741210938,97918500
2022-11-04,139.59828641105477,140.1681172493776,132.0234984378513,135.95335388183594,140814800
2022-11-07,134.70564447233622,136.70986450810662,133.290893862987,136.48390197753906,83374600
2022-11-08,137.94774130575934,138.9498435557623,135.0789489012502,137.05369567871094,89908500
2022-11-09,136.07121539704306,136.12034157773797,132.22977893126608,132.50486755371094,74917800
2022-11-10,138.7631880310501,144.29444885253906,137.0536956773793,144.29444885253906,118854000
2022-11-11,143.26289458275522,147.37940577392345,141.83830991998155,147.07484436035156,93979700
2022-11-14,146.35763570725214,147.64466090619808,144.8446330372058,145.6797332763672,73374100
2022-11-15,149.55060713210176,150.89657743758315,145.95478683657723,147.40882873535156,89868300
2022-11-16,146.51485052076237,147.2418642338074,144.707105498184,146.18080139160156,64218300
2022-11-17,143.86215701114332,148.82360185357618,143.58706836561342,148.07693481445312,80389400
2022-11-18,149.6390649453273,150.0222252429551,147.3401031595605,148.63694763183594,74829600
2022-11-21,147.5267963190737,147.7331053618716,145.12958178515976,145.41448974609375,58724100
2022-11-22,145.53236323934706,147.7821986794849,144.3533947208252,147.54640197753906,51804100
2022-11-23,146.82920540527334,149.16747394284351,146.72113379241404,148.42080688476562,58301400
2022-11-25,145.70916976960694,146.26918120067512,144.5400357218998,145.51268005371094,35195900
2022-11-28,142.59476743015247,144.06846284178744,140.86563687733454,141.69090270996094,69246000
2022-11-29,141.75966328460675,142.27054854346483,137.88876937413374,138.6943817138672,83763800
2022-11-30,138.92037287256267,146.11201495746124,138.0852876520207,145.43411254882812,111380900
2022-12-01,145.61094536816785,146.51481013470644,144.03899751867118,145.7091827392578,71250400
2022-12-02,143.4004227674544,145.40464232225125,143.09584639700262,145.2179718017578,65447400
2022-12-05,145.17864740787067,148.27340168825526,143.21372024795548,144.0586395263672,68826400
2022-12-06,144.49093730068225,144.71689974436399,139.43124046996064,140.4038848876953,64727200
2022-12-07,139.69649373678863,140.85579352307042,137.54489617657669,138.46841430664062,69721100
2022-12-08,139.86357531316506,141.00323714839539,138.62567607289063,140.1484832763672,62128300
2022-12-09,139.84388950557997,143.01725827820258,138.42913927736055,139.66705322265625,76097000
2022-12-12,140.19755844692216,141.96599599737974,138.58631867677312,141.9561767578125,70462700
2022-12-13,146.87834983755218,147.34010905974955,141.71059523341404,142.9190216064453,93886200
2022-12-14,142.801141695283,144.08816707629325,138.68461532986467,140.69866943359375,82291200
2022-12-15,138.63543512859985,139.31333739130548,133.64451838807022,134.1062774658203,98931900
2022-12-16,134.29296269794702,135.23611943482993,131.38486361161162,132.15118408203125,160156900
2022-12-19,132.74069295008061,132.82911109974094,129.01716151047765,130.04873657226562,79592600
2022-12-20,129.08593469778208,130.91331820064397,127.61223880809378,129.97998046875,77432800
2022-12-21,130.64802045895354,134.41085828161889,130.42205800232537,133.07470703125,85928000
2022-12-22,131.9939964474779,132.20030541745464,128.01501569466643,129.91116333007812,77852100
2022-12-23,128.6241804492717,130.09787639620362,127.36662777385332,129.54769897460938,63814900
2022-12-27,129.076118707575,129.10559142681458,126.46276099945749,127.74978637695312,69007800
2022-12-28,127.39607559848972,128.73222692892008,123.66271775984323,123.8297348022461,85438400
2022-12-29,125.74553370652504,128.19186635387044,125.49009852746012,127.33712768554688,75703700
2022-12-30,126.15817044916967,127.67115798862761,125.19535270118398,127.65150451660156,77034200
2023-01-03,127.99538262842435,128.6045053870652,121.99252821247748,122.87674713134766,112117500
2023-01-04,124.66482384759799,126.40378887161263,122.88656686996354,124.14411926269531,89113600
2023-01-05,124.90062068574457,125.52939692056383,122.57218626779334,122.82762145996094,80962700
2023-01-06,123.80027430194448,128.00521096875735,122.69991206962038,127.34696197509766,87754700
2023-01-09,128.182025548878,131.07047089671403,127.61219486879021,127.86763000488281,70790800
2023-01-10,127.97574077291436,128.95820466182693,125.87326865028986,128.4375,63896200
2023-01-11,128.94836939344688,131.1687321095965,128.17222961380043,131.1490936279297,69458900
2023-01-12,131.53223946571177,131.90556546211644,129.1350257391296,131.0704803466797,71379600
2023-01-13,129.71469801537842,132.55401787873402,129.35119119619432,132.39682006835938,57809700
2023-01-17,132.4655864864573,134.88243886666353,131.77786487384603,133.55612182617188,63646600
2023-01-18,134.42069543585905,136.1792989256054,132.6620769549058,132.83892822265625,69672800
2023-01-19,131.7287538123279,133.86069855178562,131.42419241972087,132.89788818359375,58280400
2023-01-20,132.90766308475472,135.5996185121786,131.86625415764433,135.45223999023438,80223600
2023-01-23,135.6979103035641,140.80673462294286,135.48176704430378,138.63548278808594,81760300
2023-01-24,137.84949253259393,140.64952034187644,137.83967329148908,140.0305633544922,66435100
2023-01-25,138.41932337339787,139.93231102042415,136.37579688239575,139.372314453125,65799300
2023-01-26,140.6593159193217,141.72037843724186,139.4115829133593,141.4354705810547,54105100
2023-01-27,140.64951214628343,144.64813175929368,140.57091324840124,143.3709259033203,70555800
2023-01-30,142.41797596075202,142.99762607371383,140.34497649686972,140.49234008789062,64015300
2023-01-31,140.19756045993424,141.8088002532181,139.78492752410364,141.75967407226562,65874500
2023-02-01,141.44532609516176,144.03903014040526,138.84180280794712,142.8797149658203,77663600
2023-02-02,146.28885767804982,148.52887400177488,145.57166328269082,148.17520141601562,118339000
2023-02-03,145.4341223704264,154.62016535520215,145.23763259886508,151.79066467285156,154357300
2023-02-06,149.8944947732861,150.41519933800663,148.1358763450209,149.0692138671875,69858300
2023-02-07,147.99834440627268,152.50784959474223,147.99834440627268,151.93801879882812,83322600
2023-02-08,151.18150996746658,151.86923151834947,148.5190269025848,149.25587463378906,64120100
2023-02-09,151.08326181502397,151.62361983119905,147.78218328763404,148.2242889404297,56007100
2023-02-10,147.06324691592152,148.913088785703,146.82709018156558,148.58837890625,57450700
2023-02-13,148.52933886882354,151.78625678187208,148.49982115470684,151.38284301757812,62199000
2023-02-14,149.68058802933567,151.3041375201495,148.44079888424892,150.74327087402344,61707600
2023-02-15,150.6546952720313,153.00636811059493,150.42838780610393,152.83909606933594,65573800
2023-02-16,151.0482818929642,153.82306709582505,150.8908590911332,151.24508666992188,68167900
2023-02-17,149.90687847207133,150.5464488832577,148.4309328947845,150.10366821289062,59144100
2023-02-21,147.79134145705774,148.87370750867322,146.03005307934987,146.0989227294922,58867200
2023-02-22,146.4826819914061,147.54536466728035,144.80011234851025,146.5220489501953,51011300
2023-02-23,147.6831183102613,147.92910925221886,144.8788305804024,147.00418090820312,48394200
2023-02-24,144.75092512234477,144.8296440334222,143.38321594733068,144.3573455810547,55469600
2023-02-27,145.3413038601465,146.7778826433076,145.08546365545737,145.5479278564453,44998500
2023-02-28,144.69188448050687,146.68932985809187,144.47541123636594,145.04611206054688,50547000
2023-03-01,144.47539591550134,144.8689754008769,142.68457472462396,142.97976684570312,55479000
2023-03-02,142.0647116163666,144.35734928778834,141.59239813777418,143.57017517089844,52238100
2023-03-03,145.66599039801153,148.6867663889097,144.96738452683869,148.60804748535156,70732300
2023-03-06,151.32377696340643,153.79353555974586,150.99908214162087,151.36314392089844,87558000
2023-03-07,151.2352451910372,151.55995507278075,148.70646582947896,149.16893005371094,56182000
2023-03-08,150.35949790258118,151.00891757952724,149.39521763366128,150.4185333251953,47204800
2023-03-09,151.09748364556307,152.06176399701366,147.82088228318355,148.17510986328125,53833600
2023-03-10,147.80122193638456,148.5195113692859,145.24290982690115,146.11863708496094,68572400
2023-03-13,145.43970497520198,150.68423448355665,145.33146834316847,148.0570526123047,84457100
2023-03-14,148.85406081281639,150.94005952145656,147.69299059245188,150.14305114746094,73695900
2023-03-15,148.76549840164833,150.79246155107444,147.51586009545082,150.53663635253906,77167900
2023-03-16,149.71995500240442,153.9510028988609,149.20828955550553,153.3507843017578,76161100
2023-03-17,153.57707174404283,154.22649145558808,151.80593390078133,152.51438903808594,98944600
2023-03-20,152.5832927983786,155.28919358755078,151.6780327765039,154.87591552734375,73641400
2023-03-21,154.7971931327365,156.84382463636302,154.02968755125636,156.7257537841797,73938300
2023-03-22,156.7454392443716,159.53989288471735,155.27932775015748,155.29901123046875,75701800
2023-03-23,156.28297554136526,158.9593583364734,155.15140813839363,156.38136291503906,67622100
2023-03-24,156.31249715364865,157.76875944157217,155.31869907440637,157.68020629882812,59196500
2023-03-27,157.37518971960662,158.19188156427322,155.33837722493854,155.74180603027344,52390300
2023-03-28,155.4367781198492,155.94844355059743,153.47868455836303,155.1219024658203,45992200
2023-03-29,156.8143056879684,158.46737267599337,156.7946372221569,158.19186401367188,51305700
2023-03-30,158.93967116064357,159.86459953343115,158.68384597812414,159.75636291503906,49501700
2023-03-31,159.83510289651463,162.35404815041076,159.31360321570477,162.25564575195312,68749800
2023-04-03,161.63575413574327,163.62335040456196,161.58655293789977,163.50527954101562,56976200
2023-04-04,163.92838412805693,164.16452584406122,162.4622725801105,162.97393798828125,46278300
2023-04-05,162.09819114468434,162.4032175003463,159.2053353608918,161.13389587402344,51511700
2023-04-06,159.82520525050802,162.31464704794055,159.4021080962766,162.0194549560547,45390100
2023-04-10,158.8314373555464,159.43165588378906,157.51292944566782,159.43165588378906,47716900
2023-04-11,159.7465059260698,159.7563401575787,157.93600138413825,158.2213592529297,47644200
2023-04-12,158.6346426672523,159.4611686435216,157.21773241416443,157.53260803222656,50133100
2023-04-13,159.03805912639,163.14118599216286,158.8314201412513,162.905029296875,68445600
2023-04-14,161.9506011686896,163.65286938363687,161.19295983913122,162.5606689453125,49386500
2023-04-17,162.44258319038994,162.7377753387549,161.39958394505072,162.58033752441406,41516200
2023-04-18,163.43639900098648,164.7253892225956,162.99360326395418,163.8004608154297,49923000
2023-04-19,163.14117819260926,165.46333303592274,162.88533803142178,164.94183349609375,47720200
2023-04-20,163.42655222639002,165.17800667808302,162.90505258707114,163.97756958007812,52456400
2023-04-21,162.40325123756864,163.78079474740133,161.85223383363555,162.3737335205078,58337300
2023-04-24,162.35403159020615,162.9444158925364,161.26183114076272,162.67874145507812,41949600
2023-04-25,162.54097982284455,163.64301445601814,161.1043860925183,161.1437530517578,48714100
2023-04-26,160.44512426219072,162.62952495549953,160.18929909610858,161.13389587402344,45498800
2023-04-27,162.54101581741398,165.85696969810766,162.54101581741398,165.70938110351562,64902300
2023-04-28,165.78811027022712,167.1263019955855,165.18789159163032,166.95901489257812,55275900
2023-05-01,166.56538074727197,167.71661652166532,165.93564455408003,166.8704071044922,52472900
2023-05-02,167.36241202489828,167.6182522416185,164.8533011388869,165.83726501464844,48425700
2023-05-03,166.7818533947913,168.17908009941613,164.47938185396285,164.7647247314453,65136000
2023-05-04,162.2457710884036,164.3612870012041,161.67507035057545,163.13133239746094,81235400
2023-05-05,168.23812815446027,171.504895212846,168.02165491497223,170.78660583496094,113453200
2023-05-08,169.71408033203093,171.06212101363838,169.35001851271124,170.7177276611328,55962800
2023-05-09,170.27491417680565,170.75704676065035,168.8481698742082,169.01544189453125,45326900
2023-05-10,170.24544525293916,171.23924342814053,169.14339542958015,170.7767791748047,53724500
2023-05-11,171.06208645260807,171.79020994413887,169.4090197142991,170.96368408203125,49514700
2023-05-12,171.07211580763337,171.5056611983073,168.4905692075404,170.03753662109375,45533100
2023-05-15,170.6188460048669,170.66811525184778,168.95364468701064,169.5448455810547,37266700
2023-05-16,169.46601779285794,170.5991352991019,169.27880367524853,169.5448455810547,42110300
2023-05-17,169.19011716888295,170.39219951568867,167.91903983890595,170.15573120117188,57951600
2023-05-18,170.4612209279976,172.66835428782517,170.04738624206732,172.48114013671875,65496700
2023-05-19,173.80143807257875,173.80143807257875,172.3727201425523,172.58949279785156,55809500
2023-05-22,171.42682777563832,172.14612580242743,170.9046067635048,171.6436004638672,43570900
2023-05-23,170.58929510312979,170.83562631420236,168.7664381272472,169.04232788085938,50747300
2023-05-24,168.57919800904358,169.88968165407772,168.0175707525213,169.3181915283203,45143500
2023-05-25,169.87986475065702,171.34798918728478,169.17042964019168,170.45135498046875,56058300
2023-05-26,170.77650880236848,173.19055165787438,170.56958397024448,172.85552978515625,54835000
2023-05-30,174.36311323589106,176.36332172139132,173.9788370991414,174.6981201171875,55964400
2023-05-31,174.72766202276017,176.71802248155805,174.16601962684186,174.64883422851562,99625300
2023-06-01,175.0922328882,177.47671735788407,174.33352850038895,177.44715881347656,68901800
2023-06-02,178.37333767160567,179.11233123154489,176.62930866038764,178.2945098876953,61996900
2023-06-05,179.9498694414483,182.23581511366768,175.42721727327233,176.9446258544922,121946500
2023-06-06,177.32891962025158,177.476712338109,174.8261860088602,176.580078125,64848400
2023-06-07,175.82136104700194,178.5507149734009,174.71780207381394,175.21046447753906,61944600
2023-06-08,175.2892595209165,178.1861165677113,174.85572927872582,177.9200897216797,50214900
2023-06-09,178.83646640490514,179.5557493602978,177.97923856717878,178.3043975830078,48900000
2023-06-12,178.60984190485868,181.19138823156914,178.31424143935143,181.0928497314453,54274900
2023-06-13,180.1173628493618,181.44754220802452,179.76264534674598,180.619873046875,54929100
2023-06-14,180.67901332162722,181.684048880549,179.34883379218707,181.25050354003906,57462900
2023-06-15,181.26036948430115,183.78279874291368,181.08300318978328,183.2802734375,65433200
2023-06-16,183.98970387223915,184.245897953939,181.56581317602513,182.20626831054688,101256200
2023-06-20,181.70376647980103,183.3689679486228,181.70376647980103,182.29495239257812,49799100
2023-06-21,182.1865534203878,182.68907870149724,179.91045548906328,181.26036071777344,49515700
2023-06-22,181.04359886716716,184.30502181445038,180.9746189088309,184.25575256347656,51245300
2023-06-23,182.8270228675936,184.8075203379306,182.29493904669715,183.9404296875,53117000
2023-06-26,184.08825189117624,185.29034946556595,182.51172604562308,182.5511474609375,48088700
2023-06-27,183.1620179856705,185.6253298715582,182.94524533692336,185.3001708984375,50730800
2023-06-28,185.1720661878379,187.11315707618536,184.84692226306757,186.4727020263672,51216800
2023-06-29,186.30522898461155,187.2807060224463,186.16728410364277,186.8077392578125,46347300
2023-06-30,188.81777221441135,191.62593851624817,188.45319186108497,191.12342834472656,85213200
2023-07-03,190.93624105216273,191.0347795474039,188.9458807202263,189.6356201171875,31458200
2023-07-05,188.75868490984942,190.1479814937267,187.82261429340878,188.52220153808594,46920300
2023-07-06,187.0540415419299,189.20205725316632,186.42343432149448,188.99513244628906,45094300
2023-07-07,188.60102706839623,189.84253092683244,187.4481988352347,187.88172912597656,46815000
2023-07-10,186.48257243692333,187.20187038994513,184.29515010539157,185.8421173095703,59922200
2023-07-11,186.3840531601648,186.52199803845542,183.86162393721375,185.3199005126953,46638100
2023-07-12,186.89638625272656,188.88674640306317,185.7041517573503,186.98507690429688,60750200
2023-07-13,187.70438329432415,188.38425984411805,186.99494820191867,187.74378967285156,41342300
2023-07-14,187.43829984175193,188.37435523171476,186.84711408565676,187.8915557861328,41616200
2023-07-17,189.08383285312058,191.46833222271863,188.99515722491665,191.14317321777344,50520200
2023-07-18,190.5125649317522,191.47817907078496,189.5962050071137,190.88697814941406,48288200
2023-07-19,190.26624291356026,195.32094939257118,189.8228346836756,192.2368927001953,80507300
2023-07-20,192.22701989757815,193.58677299126168,189.67503216410122,190.29579162597656,59581200
2023-07-21,191.25153499324207,192.10876269219432,188.42364281090323,189.12322998046875,71951700
2023-07-24,190.57167418096722,192.04966138875844,189.4286937985748,189.92135620117188,45377800
2023-07-25,190.49284214012596,191.58655325087184,190.08885537064708,190.77857971191406,37283200
2023-07-26,190.82785426220883,192.7689453418544,190.48299959942145,191.6456756591797,47471900
2023-07-27,193.14338839624878,194.30606454519102,189.72430983845956,190.3844757080078,47460200
2023-07-28,191.81315076149906,193.74439372054138,191.29092989175592,192.9561309814453,48291400
2023-07-31,193.1828015190956,193.60649905306556,192.39453857567588,193.56707763671875,38824100
2023-08-01,193.3601546102926,193.842954166062,192.41423613585215,192.73939514160156,35175100
2023-08-02,192.17773571935334,192.3156805851802,189.03456234552243,189.75384521484375,50389300
2023-08-03,188.75868668614032,189.54693452970886,187.8915960163783,188.3645477294922,61235200
2023-08-04,182.79747042079737,184.6301752435833,179.25029494609427,179.31927490234375,115956800
2023-08-07,179.45723692919626,180.4425618735659,174.7473848978987,176.22537231445312,97576100
2023-08-08,177.05302113799038,177.62451134366992,174.97398514494694,177.16140747070312,67823000
2023-08-09,178.2156906972674,178.27480777933516,174.41233639065635,175.5750274658203,60378500
2023-08-10,176.84611157664116,178.097478428752,174.9937109597073,175.3582763671875,54686900
2023-08-11,174.95373578240464,176.2363757071569,174.1940069392339,175.41744995117188,52036700
2023-08-14,175.59506357405235,177.29211207450308,174.9438673937282,177.065185546875,43675600
2023-08-15,176.49289504388423,177.08487915778778,174.68731413890805,175.08197021484375,43622600
2023-08-16,174.766254405872,176.1574269074876,174.14465676238186,174.21372985839844,46964900
2023-08-17,174.77610583538885,175.14116345073805,171.16494410110627,171.67800903320312,66062900
2023-08-18,170.0007364455324,172.76337470680727,169.6652772069575,172.16151428222656,61172200
2023-08-21,172.7337706675176,173.77962299820936,171.42151715942626,173.4934844970703,46311900
2023-08-22,174.69719959083847,175.30892111024494,173.89801113995804,174.86492919921875,42038900
2023-08-23,176.13773826499084,179.1273031269572,175.95027131734813,178.70303344726562,52722800
2023-08-24,178.25903609639087,178.68330576322634,173.66121814414575,174.0262908935547,54945800
2023-08-25,175.0129348306344,176.7593040006282,173.4737548580186,176.2265167236328,51449600
2023-08-28,177.68677460091166,178.1801023209798,176.1673318473753,177.7854461669922,43820700
2023-08-29,177.30196426395187,182.4325690983829,177.1046362040057,181.66297912597656,53003900
2023-08-30,182.47201632672878,185.34318659132038,182.27468829643146,185.14584350585938,60813900
2023-08-31,185.33334709899387,186.59626480914432,184.97815055206615,185.36294555664062,60794500
2023-09-01,186.96131537308187,187.3855699191495,185.76745585396847,186.9317169189453,45766500
2023-09-05,185.76745412260553,187.44476508042712,185.10639689444145,187.1685028076172,45280000
2023-09-06,185.88585963952747,186.32986658571798,179.04834537431464,180.46913146972656,81755800
2023-09-07,172.84227669356144,175.83185624974686,171.22416252451072,175.19052124023438,112488800
2023-09-08,175.96999075471308,177.8347687964352,175.417451102765,175.80224609375,65551300
2023-09-11,177.66705421097663,177.8939807491613,174.9734739911946,176.96652221679688,58953100
2023-09-12,177.09477490699047,177.72623373133553,172.487096210491,173.9473419189453,90370200
2023-09-13,174.15453395453247,174.93400012779577,171.65829707262085,171.88523864746094,84267900
2023-09-14,171.67806560862326,173.75004828458802,171.2636720844641,173.3948516845703,60895800
2023-09-15,174.12494522635322,174.14468255030425,171.5004532372104,172.674560546875,109259500
2023-09-18,174.12492516303394,176.9862345995646,173.81906442528665,175.5950469970703,67257600
2023-09-19,175.1510553991506,177.23289871202428,174.7662604292434,176.6803741455078,51826900
2023-09-20,176.86785847407558,177.3019893003594,173.05936766417838,173.14817810058594,58436200
2023-09-21,172.22073021215786,173.94737743416857,171.5399354700809,171.60899353027344,63149100
2023-09-22,172.33911043282527,174.71695374662696,171.7273888544839,172.45750427246094,56725400
2023-09-25,171.87535356826675,174.6083930174941,171.82601779128095,173.7302703857422,46172700
2023-09-26,172.48711848209095,172.86203732750283,169.36928354767613,169.665283203125,64588900
2023-09-27,170.3164478696235,170.73084132501634,166.7940959712009,168.15567016601562,66921800
2023-09-28,167.08022534636603,169.7343308371659,165.38317681816312,168.41221618652344,56294400
2023-09-29,169.72445084440017,170.7604419321708,168.06686209293406,168.92526245117188,51861100
2023-10-02,168.9351141150612,171.97401410977108,168.64897565996583,171.4313507080078,52164500
2023-10-03,169.96126458937815,171.31299281082715,168.54049336939298,170.09939575195312,49594600
2023-10-04,168.80686354725646,171.88523853747708,168.68846972057472,171.3425750732422,53020300
2023-10-05,171.4708632688818,173.1087151128758,170.37567499430378,172.575927734375,48527900
2023-10-06,171.48071432556827,175.61480292776608,170.8689777300858,175.12147521972656,57266700
2023-10-09,174.45052401213385,176.6606373398207,173.45400756283908,176.6014404296875,42390800
2023-10-10,175.7233217666065,177.3216985969386,175.5753144327677,176.0094451904297,43698000
2023-10-11,175.8219650621156,177.4499552810768,175.22998093671887,177.40061950683594,47551100
2023-10-12,177.6670640281674,179.90676118500224,176.6507950071692,178.29852294921875,56743100
2023-10-13,178.9990143278533,179.50220314362676,175.7627859383901,176.46331787109375,51427100
2023-10-16,174.39132507709223,176.6902337432856,174.15452238414363,176.3350372314453,52517000
2023-10-17,174.29265257502803,176.03903666999224,172.46734930467605,174.78598022460938,57549400
2023-10-18,173.23695950912395,175.21027033840411,172.77323025982977,173.4934844970703,54764400
2023-10-19,173.69080766680926,175.46679037407037,172.85215962113486,173.11856079101562,59302900
2023-10-20,172.970532603774,173.07906528544774,170.33616484514565,170.57296752929688,64244000
2023-10-23,168.62928473640696,171.68790756499885,167.6623515662161,170.69139099121094,55980100
2023-10-24,170.74070856198063,171.35243005141567,169.1620540054936,171.12550354003906,43816600
2023-10-25,169.58633193718455,170.75057806188605,168.3727349771656,168.81674194335938,57157000
2023-10-26,168.0964590692853,169.09299056011605,163.45918215856796,164.66290283203125,70625300
2023-10-27,164.68264263448572,166.70528904611524,164.60370840247674,165.97515869140625,58499100
2023-10-30,166.76447575317525,168.88577853365425,166.61646843152695,168.01751708984375,51131000
2023-10-31,167.09007075196132,168.619374328328,165.65940861123508,168.49111938476562,44846000
2023-11-01,168.71806981976965,171.90496247869652,167.849808268541,171.6484375,56934900
2023-11-02,173.17774724497193,175.40758286457637,173.11855033416663,175.2003936767578,77334800
2023-11-03,171.91486569633807,174.46043878115682,171.03674287311975,174.29269409179688,79829200
2023-11-06,174.02629776104038,177.035584920202,173.85856813665714,176.8382568359375,63841300
2023-11-07,176.78892234542403,180.00542885763969,176.5817331247381,179.39370727539062,70530000
2023-11-08,179.91662978825056,181.00194176498167,179.16676200069597,180.4494171142578,49340300
2023-11-09,180.51847829944086,181.6629871195562,179.3838155582821,179.97581481933594,53763500
2023-11-10,181.75413731292954,184.3228271167955,181.31943456996746,184.1548614501953,66133400
2023-11-13,183.58184574005094,183.78930789371245,181.99123723697815,182.57412719726562,43627500
2023-11-14,185.4391901985185,185.84425545326624,184.0560589323069,185.1823272705078,60108400
2023-11-15,185.5873915048758,187.21751156501972,185.5182274044454,185.74545288085938,53790500
2023-11-16,187.28668991537342,188.65994715340477,186.37775779056014,187.4250030517578,54412900
2023-11-17,187.95848017105547,188.08691917335904,186.29872264128753,187.4052276611328,50922700
2023-11-20,187.60281994734135,189.598493753426,187.59294582194016,189.14402770996094,46505100
2023-11-21,189.1045562110786,189.21323191352622,187.4546724193767,188.3438262939453,38134500
2023-11-22,189.18353128885676,190.60617399815436,188.53147729188777,189.0056915283203,39617700
2023-11-24,188.57100791556658,188.60064536615056,186.970525284031,187.68185424804688,24048300
2023-11-27,187.63248260157215,188.37344913120532,186.62476390027032,187.50404357910156,40552600
2023-11-28,187.49413155220094,188.77847629228074,187.1187037624085,188.10665893554688,38415400
2023-11-29,188.6006511365786,189.77632029571453,186.69390474066958,187.08908081054688,43014200
2023-11-30,187.55341843722022,188.02764780463457,185.92329832735996,187.66209411621094,48794400
2023-12-01,188.0375263099119,189.25270705783993,186.95076949469112,188.9365692138672,45704800
2023-12-04,187.69172432124148,187.7608884211111,185.19219887595256,187.14834594726562,43389500
2023-12-05,187.91897362196437,192.05849343193452,187.8893210956394,191.09030151367188,66628400
2023-12-06,192.10788966712872,192.4141533735728,189.79607806848605,190.00355529785156,41089700
2023-12-07,191.29777821822415,192.6512720749557,191.2582515665674,191.93006896972656,47477700
2023-12-08,191.86091528323507,193.629363703371,191.33730018286,193.3527374267578,53406400
2023-12-11,190.78404615931,191.15947399253523,189.11439931154695,190.8531951904297,60943700
2023-12-12,190.75438957156285,192.3746354774224,189.41076991243543,192.36476135253906,52696900
2023-12-13,192.74016578029781,195.6151188726379,192.50306619330016,195.5756072998047,70404200
2023-12-14,195.63490356313392,197.21562292408947,193.79730618821,195.72381591796875,66831600
2023-12-15,195.1508114803035,196.01032777733312,194.62719637119332,195.19033813476562,128538400
2023-12-18,193.72813612536964,194.26164038796966,192.0486152607036,193.53054809570312,55751900
2023-12-19,193.79729775296602,194.57777573643529,193.5305456250714,194.56790161132812,40714100
2023-12-20,194.5283970820936,195.2990010280865,192.48333740234375,192.48333740234375,52242800
2023-12-21,193.73803856316968,194.70623052718972,191.16934877699248,192.3351287841797,46482500
2023-12-22,192.82909873139974,193.0563392932213,190.64572606781581,191.2681427001953,37149600
2023-12-26,191.2779991818499,191.55462542072405,190.50739536284337,190.72474670410156,28919300
2023-12-27,190.17149315937536,191.16932243864449,188.78834689776542,190.8235321044922,48087700
2023-12-28,191.80161980345068,192.3153607227681,190.8433020640508,191.2483673095703,34049900
2023-12-29,191.56450759639273,192.05848519728596,189.42064661751613,190.2110137939453,42672100
2024-01-02,184.895844683247,186.17031557472808,181.67511554799748,183.40403747558594,82488700
2024-01-03,182.00112426612563,183.6411336613478,181.22063114701328,182.03076171875,58414500
2024-01-04,179.95604798314233,180.88472835710988,178.70135563320858,179.7189483642578,71983600
2024-01-05,179.79799818956093,180.5587129492039,177.99991223040004,178.99774169921875,62379700
2024-01-08,179.89679059145493,183.36452360523833,179.3139005382843,183.3249969482422,59144500
2024-01-09,181.70474272826013,182.9199235647891,180.52907347198328,182.91004943847656,42841800
2024-01-10,182.12956878813148,184.15486512874935,181.7047401626592,183.94740295410156,46792900
2024-01-11,184.2931840827093,184.7970509584636,181.40835627398752,183.35462951660156,49128400
2024-01-12,183.81894667336306,184.49076406507768,182.95943045197853,183.68063354492188,40477800
2024-01-16,179.96593271976667,182.04062970854807,178.7507369031224,181.41822814941406,65603000
2024-01-17,179.08668485373124,180.7266794090325,178.12836688150517,180.4796905517578,47317400
2024-01-18,183.8485869578717,186.86185345428623,183.59172402252184,186.35800170898438,78005800
2024-01-19,187.04957995238564,189.63801803091337,186.5457281731689,189.25271606445312,68903000
2024-01-22,189.98379650311966,192.97729968749402,189.94426985134535,191.5546417236328,60133900
2024-01-23,192.67105542323813,193.392258603415,191.49538615178406,192.82911682128906,42355600
2024-01-24,193.06621990928542,194.01466361551059,191.99922639290756,192.1573028564453,53631300
2024-01-25,192.86862433386716,193.90598035718745,190.78403816176663,191.83126831054688,54822100
2024-01-26,191.93006387634745,192.41415228379137,189.6281264159501,190.1023406982422,44594000
2024-01-29,189.6972652775173,189.8849791703456,187.2965414692382,189.42063903808594,47145600
2024-01-30,188.6401800108733,189.4898221386195,185.21197404804863,185.7751007080078,55859400
2024-01-31,184.7871410441138,184.846431021382,182.12955411744667,182.17893981933594,55467800
2024-02-01,181.77391734166875,184.69825684937862,181.60596673463837,184.60934448242188,64885400
2024-02-02,177.6936383802958,185.07366557426653,177.0909850527091,183.6114959716797,102551700
2024-02-05,185.88377376602236,186.97053056814926,183.60159955655655,185.41943359375,69668800
2024-02-06,184.60931480628852,187.02980210381148,184.5204024536245,187.01992797851562,43490800
2024-02-07,188.3437664109805,188.74883163449712,186.33821869210433,187.1285858154297,53439000
2024-02-08,187.1088621926835,187.25704946443747,185.0934399218184,186.0517578125,40962000
2024-02-09,186.61557552858977,187.94113632063826,185.97259122428568,186.8134307861328,45155200
2024-02-12,186.38803740610462,186.63534135369167,184.7756108376818,185.13172912597656,41781900
2024-02-13,183.76664838776776,184.2019058140478,181.53101071537256,183.0445098876953,56529500
2024-02-14,183.32148884677065,183.52921572281525,180.4725423642709,182.16409301757812,54630500
2024-02-15,181.57060374922136,182.50046922442786,179.39433152096026,181.87725830078125,65434500
2024-02-16,181.44199396902647,182.8565806751117,179.71086599707365,180.34396362304688,49752500
2024-02-20,179.82956623009554,180.46266385305907,178.0588762686663,179.60205078125,53665600
2024-02-21,179.97795967071906,180.91771184255438,178.71176441081158,180.35386657714844,41371400
2024-02-22,181.50134277124772,182.96539328132977,180.49235334512917,182.38174438476562,52292200
2024-02-23,183.01485026342843,183.04452553646294,180.26483093781445,180.5517120361328,45119700
2024-02-26,180.27471486922383,180.78909628027105,178.7018500832812,179.20635986328125,40867400
2024-02-27,179.1470080612827,181.93658908973126,177.62360710096542,180.66050720214844,54318900
2024-02-28,180.5417731107642,181.14519536218177,178.18744973320082,179.46353149414062,48953900
2024-02-29,179.31517776545977,180.6011615069905,177.59393659501978,178.80078125,136682600
2024-03-01,177.6137198257161,178.5831471920378,175.46712311031385,177.7225341796875,73563100
2024-03-04,174.2503496506797,174.99226146882492,171.9157998591467,173.21168518066406,81510100
2024-03-05,168.91851326517738,170.18470849670402,167.79080766540406,168.28541564941406,95132400
2024-03-06,169.21526961759642,169.39333632878757,166.86093094295472,167.2961883544922,68587700
2024-03-07,167.32588185679398,168.88884496206234,166.67301076258389,167.17750549316406,71765100
2024-03-08,167.1774852017091,171.82679686006907,167.11813466346086,168.88882446289062,76267000
2024-03-11,171.07499261235472,172.49946586057737,170.1945911039721,170.8870391845703,60139500
2024-03-12,171.28272310113206,172.15323790323208,169.16580172767317,171.3618621826172,59825400
2024-03-13,170.90684419661972,171.3223130850131,168.91851047344855,169.28453063964844,52488700
2024-03-14,171.04532782778392,172.43022407386235,170.19460153541087,171.1343536376953,72913500
2024-03-15,169.32406299160928,170.7584228515625,168.45354827638914,170.7584228515625,121752700
2024-03-18,173.67664359575858,175.79356502758816,171.64874797271588,171.84658813476562,75604200
2024-03-19,172.45988088096897,174.70540499850514,171.1640105835326,174.18112182617188,55215200
2024-03-20,173.82501083363408,176.74319458007812,173.20180001631465,176.74319458007812,53423100
2024-03-21,175.14064960882752,175.5759069490651,168.99761322817335,169.5218963623047,106181300
2024-03-22,169.9077530563215,171.1838502867648,168.22608869374528,170.42214965820312,71160100
2024-03-25,168.7305586050563,170.08577952012527,167.6226265638577,169.00753784179688,54288300
2024-03-26,168.16671829054096,169.57140318495337,167.75124938607289,167.87985229492188,57388400
2024-03-27,168.57227437363676,171.72787530814264,168.27550660374618,171.4409942626953,60273300
2024-03-28,169.89782982249778,170.37264922530974,168.67119667981044,169.6307373046875,65672700
2024-04-01,169.3438746978549,169.40322523760474,167.65230884379906,168.19638061523438,46240500
2024-04-02,167.25662806803024,167.51381877100314,166.41578850586058,167.0192108154297,49329500
2024-04-03,166.96973884210524,168.83935621904524,166.76201196368757,167.82046508789062,47691700
2024-04-04,168.4535689105981,170.06599565718972,166.9994354248047,166.9994354248047,53704400
2024-04-05,167.76110742740823,168.55248310289795,167.12800990586356,167.751220703125,42104800
2024-04-08,167.20716991074772,167.37533481002382,166.4256959559663,166.6334228515625,37425500
2024-04-09,166.88073030235694,168.24585316442327,166.53451377109624,167.84027099609375,42373800
2024-04-10,166.97966188332379,167.26652787853376,165.30788444762385,165.9706573486328,49709300
2024-04-11,166.5246002673459,173.5678277091418,166.34654865134516,173.15234375,91070300
2024-04-12,172.38075949507746,176.43655077441642,172.33131077483722,174.6460723876953,101670900
2024-04-15,173.46888692512982,174.72519524382946,170.6397290741028,170.8276824951172,73531800
2024-04-16,169.8978273072319,171.88614579113815,166.45536027289515,167.5533905029297,73711200
2024-04-17,167.780901063059,168.80967890645843,166.18826293945312,166.18826293945312,50901200
2024-04-18,166.21793076697907,166.8213530127437,164.75389559967167,165.2386016845703,43122900
2024-04-19,164.41756936525925,164.60550769336635,162.31053482208006,163.22061157226562,68149400
2024-04-22,163.7350029833429,165.45622881020677,162.9930911354229,164.05154418945312,48116400
2024-04-23,163.56688583372357,165.24855016082816,163.14151506780158,165.10015869140625,49537800
2024-04-24,164.7439994721628,167.4742448528629,164.41757152765254,167.197265625,48251800
2024-04-25,167.70177351115603,168.77012851479734,166.33665071301928,168.05789184570312,50558300
2024-04-26,168.04799015720317,169.49223681731962,167.35552700029277,167.4742431640625,44838400
2024-04-29,171.50034913417457,174.1316669492416,171.2332717193323,171.6289520263672,68169400
2024-04-30,171.46081207960546,173.1029142716877,168.1667209693098,168.4931640625,65934800
2024-05-01,167.75122238913238,170.84747276952126,167.28628974114312,167.4742431640625,50383100
2024-05-02,170.64963546996492,171.54982559320527,169.04711048582428,171.16403198242188,94214900
2024-05-03,184.63716076188317,184.98339240032777,180.69019857365393,181.40243530273438,163224100
2024-05-06,180.38352481626606,182.21356516877455,178.47433028646978,179.75042724609375,78569700
2024-05-07,181.47167851231154,182.90603874350563,179.36465862288415,180.43299865722656,77305800
2024-05-08,180.87814724687024,181.09577596912635,179.49323582394607,180.7693328857422,45057100
2024-05-09,180.59124108896245,182.6686003878229,180.14609698041687,182.57957458496094,48983000
2024-05-10,183.1540861312051,183.34229448527321,180.4102525825865,181.32156372070312,50759500
2024-05-13,183.68900761377958,185.3333368917867,182.87674310968822,184.5210723876953,72044800
2024-05-14,185.7394637127145,186.52201273815805,184.53098214319476,185.66021728515625,52393600
2024-05-15,186.13568203158255,188.849800179078,185.6007724639543,187.9285888671875,70400000
2024-05-16,188.67151097089564,189.29556710780693,187.86916171755817,188.04745483398438,52845200
2024-05-17,187.72056236134898,189.0082902438942,187.3936765447615,188.07716369628906,41282900
2024-05-20,187.54226949481966,190.10781001398533,187.22528381236822,189.23611450195312,44361300
2024-05-21,189.28567056183377,190.91018461353585,189.11727756366656,190.53378295898438,42309400
2024-05-22,190.45451683728567,190.99932654838926,188.47340160760692,189.09744262695312,34648500
2024-05-23,189.17666356785324,189.19647894959962,184.86774759253774,185.11538696289062,51005900
2024-05-24,187.0370913918068,188.7804673088457,186.26444256610336,188.18612670898438,36327000
2024-05-28,189.70169698060212,191.17763337385156,187.31446444482384,188.19606018066406,52280100
2024-05-29,187.81962268312432,190.4346940804733,187.72056087959155,188.49319458007812,53068000
2024-05-30,188.9587703074631,190.36536034504638,188.83000809203267,189.4837646484375,49889100
2024-05-31,189.6323431713606,190.7516780595243,188.1167913020161,190.4346923828125,75158300
2024-06-03,191.07855630297723,193.14883318833753,190.7021546904014,192.19789123535156,50080500
2024-06-04,192.80211709386347,193.47570407411885,191.207318865485,192.51486206054688,47471400
2024-06-05,193.55497498638144,195.04081158591265,193.02998059705732,194.02053833007812,54156800
2024-06-06,193.8422276391208,194.64457691185422,192.33657578915964,192.64364624023438,41181800
2024-06-07,192.8120444256859,195.08042995429523,192.3068654552658,195.03089904785156,53103900
2024-06-10,195.04081589339742,195.43704806418344,190.33566655763516,191.2965087890625,97010200
2024-06-11,191.82147267998263,205.20391549352811,191.8016724106265,205.19400024414062,172373300
2024-06-12,205.41193016487838,218.1207863262847,204.94636687125956,211.05812072753906,198134300
2024-06-13,212.71235034689784,214.70336573665497,209.60200000148347,212.21707153320312,97862700
2024-06-14,211.8307404302917,213.13826855094433,209.30481562722255,210.48358154296875,70122700
2024-06-17,211.35530191551948,216.88261596473237,210.71144542501693,214.6241455078125,93728300
2024-06-18,215.53544497511416,216.56563344094587,210.9887887879192,212.2666015625,79943300
2024-06-20,211.91000456307782,212.21709015086526,206.8779846754286,207.70013427734375,86172500
2024-06-21,208.40341856791886,209.88925500861833,205.1543907600995,205.5308074951172,241805100
2024-06-24,205.75863496180304,210.69160779538842,204.63929998769706,206.17466735839844,80727000
2024-06-25,207.1751328027417,209.3840873125504,206.64023830581658,207.0959014892578,55549700
2024-06-26,209.5029437835443,212.83121810497767,208.6510635966682,211.23641967773438,66213200
2024-06-27,212.6628097453943,213.70289822966825,210.3449086305272,212.07838439941406,49772700
2024-06-28,213.7326216506115,214.0297919592074,208.31427026634478,208.63124084472656,82542700
2024-07-01,210.08738182701015,215.45620282037203,209.91898882948186,214.70338439941406,60402900
2024-07-02,214.10903193760322,218.29910171758146,213.068958487467,218.1901397705078,58046200
2024-07-03,217.92267103394255,219.45803833007812,216.96182895702523,219.45803833007812,37369800
2024-07-05,219.55708698216947,224.3117665065084,219.55708698216947,224.2028045654297,60412400
2024-07-08,224.9457357840812,225.69856928044194,221.14199799041046,225.66885375976562,59085900
2024-07-09,225.7778183894468,227.23393947620644,224.23255073363126,226.52073669433594,48076100
2024-07-10,227.1348758928893,230.87918266211804,227.08534498663496,230.78012084960938,62627700
2024-07-11,229.2051413563895,230.19569903805672,223.63821202212716,225.4212188720703,64710600
2024-07-12,226.75847573842668,230.44335173571366,226.5207364398331,228.36317443847656,53046500
2024-07-15,234.24706826366577,234.9899864993383,230.88907844301437,232.18670654296875,62631300
2024-07-16,232.78106107648213,234.03907359612094,230.13627381333595,232.60276794433594,43234300
2024-07-17,227.28348215160557,229.2745129851908,224.50001717688707,226.7188720703125,57345900
2024-07-18,228.10560948409145,228.26410233218343,220.17124832102243,222.06320190429688,66034600
2024-07-19,222.6971648700337,224.65846466815103,221.17169771561296,222.1919708251953,49151500
2024-07-22,224.86647978572938,225.62921338494564,220.98349573063444,221.8452911376953,48201800
2024-07-23,222.25141967209163,224.7971601400939,220.57737479075328,222.8853759765625,39960300
2024-07-24,221.88489130573666,222.67734036905603,215.07976577070053,216.4764404296875,61777600
2024-07-25,216.86274569098651,218.7646293872906,212.5934452947531,215.4363555908203,51391200
2024-07-26,216.6349499920164,217.41749898154802,213.9703475571551,215.90194702148438,41601300
2024-07-29,214.91137828370984,217.22927938341869,213.7127969665886,216.17929077148438,36311800
2024-07-30,217.1203409396055,218.24957609355639,214.07932159795172,216.73402404785156,41643800
2024-07-31,219.34907597117163,221.70660788092644,218.5467267386139,219.9830322265625,50036300
2024-08-01,222.2514337919132,222.36039574716864,214.97084352071977,216.29818725585938,62501000
2024-08-02,217.0807092384795,223.46981835778237,215.6543188775265,217.7840118408203,105568600
2024-08-05,197.21010696314244,211.484045462397,194.14928763761037,207.2939910888672,119548600
2024-08-06,203.3614702980554,208.00718767754023,199.1714160471065,205.2732391357422,69660500
2024-08-07,204.9463646139573,211.62272838414273,204.441185671316,207.83880615234375,63516400
2024-08-08,211.097744151489,212.17744837655164,206.8581585633277,211.2958526611328,47161100
2024-08-09,210.09727328743648,214.7330756065884,209.96849596255686,214.19818115234375,42201600
2024-08-12,214.27753840147545,217.68898821235913,213.81143620679725,215.7254180908203,38028100
2024-08-13,217.19314118814535,220.04925425523973,217.19314118814535,219.4344024658203,44155300
2024-08-14,218.7401920302427,221.1797757696837,217.87739912826086,219.88064575195312,41960600
2024-08-15,222.73678951211636,223.4805677293667,220.91204211865187,222.8557891845703,46414000
2024-08-16,222.06239369045758,224.94825642777528,221.79462933024135,224.1747283935547,44340200
2024-08-19,223.84746435464618,224.11522871504155,221.18968933533225,224.01605224609375,40687800
2024-08-20,223.8970689622142,225.28544883578485,223.57971634413767,224.63092041015625,30299000
2024-08-21,224.64083485973637,226.08871448701353,223.1830285060583,224.52182006835938,34765500
2024-08-22,225.90027790842765,226.44571820828537,222.04254943445835,222.66732788085938,43695300
2024-08-23,223.78795679469894,226.32671693712516,222.46898849072514,224.95816040039062,38677300
2024-08-26,224.87885041051024,225.39454085782168,222.0326640536948,225.2953643798828,30602200
2024-08-27,224.1251624880706,226.95152567852384,223.02437015551794,226.13832092285156,35934600
2024-08-28,226.02922904592305,227.95313769677003,223.80780609600177,224.61109924316406,38052200
2024-08-29,228.1911537968638,230.98775191089825,226.9812734022471,227.8837127685547,51906300
2024-08-30,228.2803652651616,228.48861464853783,225.5928405423183,227.10023498535156,52990800
2024-09-03,226.65398476754012,227.10024860517055,219.33520335446548,220.92193603515625,50190600
2024-09-04,219.82116129878526,219.94016096302124,215.67582978550038,219.01788330078125,43840200
2024-09-05,219.79142381839864,223.60947620664672,219.68233574260833,220.5352020263672,36615400
2024-09-06,222.0921370424939,223.37144384512357,217.9468210396507,218.9881134033203,48423000
2024-09-09,218.9881123209545,219.43437615112032,214.91220775865924,219.07736206054688,67180000
2024-09-10,217.1038662465979,219.6426263973432,214.93203178151688,218.28399658203125,51591000
2024-09-11,219.62280899168329,221.23927647566495,216.0824178921796,220.81285095214844,44587100
2024-09-12,220.65417167969628,221.69546405563682,217.99641184157417,220.92193603515625,37455600
2024-09-13,221.72521710949164,222.18139254741286,220.06907298412548,220.6541748046875,36766600
2024-09-16,214.74364320285497,215.41800999792326,212.14538277021938,214.52548217773438,59357400
2024-09-17,213.96016573653907,215.10061943149995,212.7205355758407,214.9915313720703,45519300
2024-09-18,215.74528658519847,220.86248471549501,215.7353598569837,218.85923767089844,59894900
2024-09-19,223.12352684243388,227.91345980340301,222.7665127356472,226.97132873535156,66781300
2024-09-20,228.06222073119503,231.15633305592988,225.7317097608303,226.30690002441406,318679900
2024-09-23,225.45404067299683,227.54653724680347,223.93673438033483,224.5912628173828,54146000
2024-09-24,226.75316007712865,227.44736512534206,223.85738561877668,225.48377990722656,43556100
2024-09-25,223.06402418257602,225.40444676008957,222.1615848378298,224.49208068847656,42308700
2024-09-26,225.41436171300208,226.60440369502516,223.54004142995942,225.63253784179688,36636700
2024-09-27,226.56473891662026,227.61594290444046,225.41435845997736,225.90028381347656,34026000
2024-09-30,228.1316114938428,231.0670623779297,227.7448474882838,231.0670623779297,54541900
2024-10-01,227.615942887257,227.74485413807125,221.88389405688537,224.33340454101562,63285000
2024-10-02,224.01605029183685,225.48376819979168,221.16986421787885,224.89866638183594,32880600
2024-10-03,223.2722952944607,224.92843958391967,221.46740141968138,223.7978973388672,34044200
2024-10-04,226.00938361911108,226.10856009308668,222.27066963907552,224.91851806640625,37245100
2024-10-07,222.63759275105315,223.81772316941647,219.49389225502094,219.8509063720703,39505400
2024-10-08,222.43927296601913,224.10532889247753,221.39798044587943,223.89707946777344,31855700
2024-10-09,223.36153007501719,227.84403724277382,222.96485445261254,227.63577270507812,33591100
2024-10-10,225.8903660776275,227.59609839600836,225.2854259515482,227.13990783691406,28183500
2024-10-11,227.39777482080956,227.5068628874906,225.4540279414576,225.66229248046875,31759200
2024-10-14,226.80275797652766,229.80762063057296,226.70359663127624,229.38119506835938,39882100
2024-10-15,231.67201972311165,235.51983687729248,230.44230106244424,231.9100341796875,64751400
2024-10-16,229.67869350471682,230.19436878170097,227.93328446814013,229.85719299316406,34082200
2024-10-17,231.4934859003546,231.91001494787182,228.6076384062416,230.22410583496094,32993800
2024-10-18,234.2206797118992,234.2206797118992,232.0686835146529,233.05047607421875,46431500
2024-10-21,232.5050454306036,234.88514457730523,232.5050454306036,234.51820373535156,36254500
2024-10-22,231.9496772340994,234.26034966164363,230.67038557078126,233.90333557128906,38846600
2024-10-23,232.13812257917175,233.18932661738793,225.87054472777703,228.8456573486328,52287000
2024-10-24,228.0721400698136,228.9051831435476,226.51517225997247,228.65725708007812,31109500
2024-10-25,227.83412074973037,231.28524701350278,227.665532857223,229.49026489257812,38802300
2024-10-28,231.38443735420992,232.78272881287972,230.62082086290692,231.46376037597656,36087100
2024-10-29,231.1662428522856,232.38603471678388,230.39271482775456,231.73150634765625,35417200
2024-10-30,230.68030356750913,231.53316974412917,227.64569128136466,228.19113159179688,47070900
2024-10-31,227.43742665071557,227.92336713292326,223.5003599556127,224.035888671875,64370100
2024-11-01,219.1368672842602,223.4805363045207,218.44267740554844,221.06077575683594,65276700
2024-11-04,219.15671602208408,220.94177147156717,217.88733586004025,220.16824340820312,44944500
2024-11-05,219.9599923572388,222.09215031274817,219.3054639601429,221.59629821777344,28111300
2024-11-06,220.76325691115125,224.19455985797964,219.3550388628842,220.87234497070312,54561100
2024-11-07,222.7665171269793,225.9895557457087,222.7070172967094,225.59286499023438,42137700
2024-11-08,225.53329235935942,227.01256271730918,224.77877343219782,225.32481384277344,38328800
2024-11-11,223.37895863100835,224.07391236142266,219.90417483008153,222.614501953125,42005600
2024-11-12,222.93220374351736,223.9647042645822,221.7507748273854,222.614501953125,40398300
2024-11-13,222.39605879884869,225.01703765642938,221.15506473467502,223.49806213378906,48566200
2024-11-14,223.3987876531247,227.2210402122622,223.3789275067786,226.5757293701172,44923900
2024-11-15,224.76884409236825,225.28510187679902,222.65420045885568,223.37893676757812,47923700
2024-11-18,223.62711979019133,228.08477571151616,223.54769435597734,226.37716674804688,44633700
2024-11-19,225.34466282087314,228.50175961033486,225.02697621656037,226.6352996826172,36211800
2024-11-20,226.4168677573381,228.2733899080337,224.2625040209905,227.35009765625,35169600
2024-11-21,227.2310031211041,228.5017799491732,224.08384369933498,226.87359619140625,42108300
2024-11-22,226.41689485035167,229.05773399756174,226.41689485035167,228.21385192871094,38168300
2024-11-25,229.79241557012372,231.56951255942457,228.08480637706975,231.19224548339844,90152800
2024-11-26,231.6489234928732,233.87279036398945,231.6489234928732,233.366455078125,45986200
2024-11-27,232.78070364946953,233.99191506726265,232.12545514826604,233.2373809814453,33498400
2024-11-29,233.1182385238603,236.0966241243161,232.28429419145726,235.62008666992188,28481400
2024-12-02,235.56052304560976,239.05515126765505,235.45131496686756,237.86380004882812,48137100
2024-12-03,238.08222901174219,241.01097200063165,237.17878168890522,240.90176391601562,38861000
2024-12-04,241.12019505186365,242.35126670496282,239.5118714775545,241.25918579101562,44383900
2024-12-05,242.2321233137982,242.77814859306412,240.38552350615552,241.28895568847656,40033900
2024-12-06,241.1598807416467,242.86748966267425,240.33585892461636,241.0903778076172,36870600
2024-12-09,240.08767817050534,245.45870413211114,240.0082527322972,244.97222900390625,44649200
2024-12-10,245.11122909402775,246.42172615122828,243.5723933612922,245.98489379882812,36914800
2024-12-11,246.17352158557497,248.9930565140259,244.48575750906295,244.714111328125,45205800
2024-12-12,245.11122473397327,246.9479020514793,243.9099357862414,246.17352294921875,32777500
2024-12-13,246.0345058191798,247.49390077927876,244.46588763578848,246.34226989746094,33155300
2024-12-16,246.2033247964557,249.5689004337868,245.86576286364547,249.23133850097656,51694800
2024-12-17,248.27824960945253,252.00123197197036,247.98040799068028,251.65374755859375,51356400
2024-12-18,250.34325221557475,252.44797328398425,245.95509905753715,246.2628631591797,56774100
2024-12-19,245.71683140567848,250.184410158509,245.3097817058068,247.99032592773438,60882300
2024-12-20,246.25295201238012,253.1628143156686,243.91989202858784,252.656494140625,147495300
2024-12-23,252.93446477293034,253.80811434244586,251.6239676953758,253.4308624267578,40858800
2024-12-24,253.64927033575188,256.34965954757746,253.45069916161225,256.3397521972656,23234700
2024-12-26,256.329771467171,258.2260137599804,255.77380863027113,257.1537780761719,27237100
2024-12-27,255.9723714358678,256.8361287043752,251.2367492695516,253.74851989746094,42355300
2024-12-30,250.41273247360002,251.67358663649517,248.94339979921563,250.38294982910156,35557500
2024-12-31,250.62123433005314,251.45517870098834,247.63291094425557,248.61578369140625,39480700
2025-01-02,247.1365264348607,247.3053149666319,240.07776640397734,242.0931396484375,55740700
2025-01-03,241.6066436767578,242.42072787413275,240.14723350152744,241.6066436767578,40244100
2025-01-06,242.54980162717402,245.54804748087855,241.4477983095151,243.23483276367188,45045600
2025-01-07,241.22940732447114,243.78089861816605,239.61116122247878,240.4649658203125,40856000
2025-01-08,240.17703689438372,241.9541489627904,238.32051453305579,240.951416015625,37628900
2025-01-10,238.28079154222544,238.4297199246896,231.32130202918376,235.14356994628906,61710900
2025-01-13,231.84750029737077,232.97928640713008,228.06495238182922,232.7112274169922,49630700
2025-01-14,233.05869925952226,234.41882398797216,230.79512716232853,231.5992889404297,39435300
2025-01-15,232.94947976770305,237.2383625727966,232.74098609709984,236.1562042236328,39832000
2025-01-16,235.63995285298606,236.29518618874627,226.38709407905125,226.6154327392578,71759100
2025-01-17,230.44762501944012,230.61639839146835,226.83385097126646,228.3230438232422,68488300
2025-01-21,222.38613659782595,222.8031087860845,217.79942737812888,221.0359344482422,98070400
2025-01-22,218.2064751614249,222.5052806842356,218.2064751614249,222.21737670898438,64126500
2025-01-23,223.1208199792776,225.394314538592,220.69839703644928,222.04859924316406,60234800
2025-01-24,223.16053267311034,224.00441476166836,219.8148172645265,221.17494201660156,54697900
2025-01-27,222.40601266103107,230.47742834163907,222.36629236472388,228.2039337158203,94863400
2025-01-28,229.1867797612423,238.4594833656038,229.14705946957608,236.5433807373047,75707600
2025-01-29,232.43324490532586,238.131895727024,232.32403680973889,237.635498046875,45486100
2025-01-30,236.95045561956258,239.05517683623282,235.50098294542886,235.87823486328125,55658300
2025-01-31,245.40906406001392,245.40906406001392,231.75812916176676,234.2996826171875,100959800
2025-02-03,228.33297872450572,230.15971829856622,224.0738787357251,226.3672332763672,73063300
2025-02-04,225.61272492539547,231.45036595591674,225.01704170433482,231.12274169921875,45067300
2025-02-05,226.88350440739822,230.99367626573292,226.625383087866,230.7951202392578,39620300
2025-02-06,229.62363097431557,232.11555701043588,228.7698263631288,231.53973388671875,29925300
2025-02-07,230.9241838961893,232.31409120281862,225.62264568638093,225.989990234375,39707200
2025-02-10,228.16660736242451,229.1803610121675,225.81108525741098,226.25833129882812,33115600
2025-02-11,226.80497424991785,233.79199753404617,226.7354100570617,231.1979522705078,53718400
2025-02-12,229.7866449882993,235.5114431570428,229.2698195612854,235.42198181152344,45243300
2025-02-13,235.4617298072221,240.85852795215618,234.1299251101732,240.05348205566406,53614100
2025-02-14,239.77519417214083,244.04891051069433,239.51678905976664,243.10472106933594,40896200
2025-02-18,242.65747382373942,243.6811760890431,240.3615975750387,242.97552490234375,48822500
2025-02-19,243.16433914739287,244.50607717853558,241.67350900245088,243.373046875,32204200
2025-02-20,243.4426355672204,245.27138364211797,242.7966000469895,244.3271942138672,32316900
2025-02-21,244.44646835255205,247.16972378813352,243.72093519653038,244.04891967773438,53197400
2025-02-24,243.43268408373555,247.33866705271078,242.92580728065096,245.5894317626953,51326400
2025-02-25,246.48393846255715,248.47171215983582,243.41283173998391,245.52980041503906,48013300
2025-02-26,242.83637220684057,243.48239258336395,237.66816369812489,238.89064025878906,44433600
2025-02-27,237.94645181292123,240.9778097055873,235.61081167459415,235.84934997558594,41153600
2025-02-28,235.5014815283524,240.61005923211764,228.7927454203557,240.36158752441406,56833400
2025-03-03,240.31186830369816,242.53818006191796,234.66659889731284,236.57485961914062,47184000
2025-03-04,236.25683384188991,238.60240725621293,233.24534293735957,234.48770141601562,53798100
2025-03-05,233.98083809185871,235.1039350742086,227.82867612475383,234.29888916015625,47227600
2025-03-06,233.00684447444675,236.4059358119138,231.73467047090975,233.8914031982422,45170400
2025-03-07,233.67273718007357,239.89446338205195,233.32487071745646,237.60853576660156,46273600
2025-03-10,234.10009611136832,234.71631625547707,222.84930513729455,226.08937072753906,72071200
2025-03-11,222.44183568691165,224.45942498066412,216.12071408301142,219.489990234375,76137400
2025-03-12,218.7942505386503,220.39440897367027,213.5962265598192,215.653564453125,62547500
2025-03-13,214.62986833256545,215.51442704761877,207.14590135231947,208.398193359375,61368300
2025-03-14,209.9585940343847,212.64208545758027,208.2988048386841,212.18490600585938,60107600
2025-03-17,212.00598815128762,213.904315554563,208.6864099217596,212.6917724609375,48073400
2025-03-18,212.85080057479257,213.83473880015984,210.19712464056028,211.38978576660156,42432400
2025-03-19,212.91044076829724,217.4226803637017,212.443312738742,213.92420959472656,54385400
2025-03-20,212.6818553101102,216.16045933121794,210.92267131595005,212.7911834716797,48862900
2025-03-21,210.26668206389348,217.50217651661012,209.98839498228966,216.9356689453125,94127800
2025-03-24,219.64898417718916,220.1260455978378,217.24377992596973,219.38063049316406,44299500
2025-03-25,219.4204082670252,222.73005335992565,218.73462390108503,222.38218688964844,34493600
2025-03-26,222.14361164144708,223.64439026966872,219.1222027356067,220.17572021484375,34466100
2025-03-27,220.0365840783956,223.61458239748316,219.21165626689742,222.48155212402344,37094800
2025-03-28,220.31488968867507,222.44180687800483,216.34927581514728,216.56793212890625,39818600
2025-03-31,215.6833836525119,224.24075018814546,214.90815310911736,220.7720947265625,65299300
2025-04-01,218.46624988397502,222.31258685550372,217.56180927777046,221.82559204101562,36412700
2025-04-02,219.9670353213626,223.8133724100327,219.66886624627372,222.5213165283203,35905900
2025-04-03,204.2835010267849,206.22159255986557,200.01973301812973,201.9478759765625,103419000
2025-04-04,192.7047355778497,198.658123727335,186.19477317599058,187.22842407226562,125910900
2025-04-07,176.11672557211514,192.96310261722135,173.5524959881376,180.35069274902344,160466300
2025-04-08,185.55866963100107,189.17641711488596,168.175598539417,171.365966796875,120859500
2025-04-09,170.89882177160354,199.383619356675,170.8391909937331,197.63438415527344,184395900
2025-04-10,187.9141974958541,193.5892830219747,181.88129692496375,189.2559356689453,121880000
2025-04-11,184.96235041538483,198.32017705332044,184.92258644836306,196.9386749267578,87435900
2025-04-14,210.14742002868311,211.63825017625834,199.93026529720834,201.28195190429688,101352900
2025-04-15,200.6259945192588,202.26590170954893,198.57859009217825,200.90428161621094,51343900
2025-04-16,197.1473909296092,199.47308245703653,191.19400339685228,193.0823974609375,59732400
2025-04-17,195.99447418061752,197.61451451967758,193.2314700862815,195.77581787109375,52164700
2025-04-21,192.08849990403363,192.6152586778503,188.64964501381652,191.9791717529297,46742500
2025-04-22,194.92107095045932,200.35763286451953,194.7719939992729,198.51895141601562,52976400
2025-04-23,204.7406939661261,206.72846769395255,201.56025903470575,203.34925842285156,52929200
2025-04-24,203.6374845300284,207.5534013078127,201.69940812530302,207.09620666503906,47311000
2025-04-25,205.10841141990002,208.46775361357263,204.9394524859384,208.00062561035156,38222300
2025-04-28,208.71623364812058,210.2070638884643,206.1917677806294,208.85537719726562,38743100
2025-04-29,207.4142395090872,210.94254069563792,207.09618845243054,209.91883850097656,36827600
2025-04-30,208.0205233254963,212.2743578831654,205.4065960245207,211.20095825195312,52286500
2025-05-01,207.80187477964563,213.2483707428857,207.62296725165953,212.01596069335938,57365700
2025-05-02,204.83013207172814,205.72463931330321,200.92416412992952,204.09466552734375,101010600
2025-05-05,201.85841873478097,202.85230555244996,196.99831280299983,197.6741485595703,69018500
2025-05-06,196.9983091053983,199.42338015596502,195.81558138809015,197.2964630126953,51216500
2025-05-07,197.95242524507105,198.22077891807172,192.0686174137577,195.05027770996094,68536700
2025-05-08,196.51130456752412,198.82706269335065,193.48988012199126,196.28271484375,50478900
2025-05-09,197.78348851905432,199.3140676367793,196.33240700583877,197.3163604736328,36453900
2025-05-12,209.95526516858178,210.2538252478288,205.75556156059073,209.776123046875,63775800
2025-05-13,209.4178625594749,212.3735786127325,207.99474788922345,211.9058380126953,51909300
2025-05-14,211.40824098508043,212.91098786371114,209.56714827780408,211.30873107910156,49325800
2025-05-15,209.9353730316401,211.93571508448807,208.53215118256114,210.43296813964844,45029500
2025-05-16,211.33859654598928,211.54759317457453,208.76105751069144,210.24388122558594,54737900
2025-05-19,206.90999202317107,208.47243269467637,203.2775387890809,207.7758026123047,46140500
2025-05-20,206.67113760639387,207.46729276724128,204.04383620537516,205.8650360107422,42496600
2025-05-21,204.1831685508297,206.04416933851562,199.74462882701684,201.11798095703125,59211800
2025-05-22,199.7446272097534,201.77480849030061,198.7394754118135,200.39149475097656,46742400
2025-05-23,192.73846975457602,196.74908474491085,192.52948833207407,194.33078002929688,78432900
2025-05-27,197.34620772495165,199.77447409530296,196.48038197740732,199.2470245361328,56288500
2025-05-28,199.6251894151235,201.75489573800118,198.9385057789635,199.4560089111328,45339700
2025-05-29,202.60081106845576,202.8297005493605,197.55518975609246,198.98826599121094,51396800
2025-05-30,198.4110493394953,200.98860329086406,195.83351057352263,199.88394165039062,70819900
2025-06-02,199.31667499872813,201.15778278546435,199.15744093584797,200.72984313964844,35423300
2025-06-03,200.38153417950807,202.78989241693247,199.99341064507593,202.29229736328125,46381600
2025-06-04,201.93404589483336,205.24803106286797,201.12794426741362,201.844482421875,43604000
2025-06-05,202.5212149488215,203.76520275563243,199.18732155240895,199.66502380371094,55126100
2025-06-06,202.0236053289331,204.7106157617459,201.07817770068002,202.93917846679688,46607700
2025-06-09,203.4069099948636,205.0091667110405,199.05793398755327,200.48104858398438,72862600
2025-06-10,199.63515466910712,203.36711781582227,199.60530017876516,201.6951904296875,54672600
2025-06-11,202.5211970741936,203.51638723180633,197.45568281643992,197.8238983154297,60989900
2025-06-12,198.12246436103902,198.71956936233477,196.4107360236097,198.24188232421875,43904600
2025-06-13,198.769334334526,199.40625545491926,194.7587190445596,195.50511169433594,51447300
2025-06-16,196.3510290449251,197.73434281232372,195.61458283187793,197.46563720703125,43020700
2025-06-17,196.25149936947125,197.4357781067605,194.27108064091922,194.69900512695312,38856200
2025-06-18,194.9975546383106,196.6197193940347,194.13174409281177,195.6344757080078,45394700
2025-06-20,197.28651411005004,200.72986375748766,195.9131467510872,200.03323364257812,96813500
2025-06-23,200.6601870689569,201.32696262150702,198.00303129313016,200.5308074951172,55814300
2025-06-24,201.61557243039425,202.46149014710028,199.23706853700068,199.3365936279297,54064000
2025-06-25,200.48105886821313,202.690382284235,199.65504919597097,200.5905303955078,39525700
2025-06-26,200.461158146952,201.66534499125092,198.5006473897771,200.03323364257812,50799100
2025-06-27,200.91894034324127,202.24254507531293,199.03803155248616,200.1128387451172,73188600
2025-06-30,201.03834688076608,206.39247448465787,198.30157410241034,204.1831512451172,91912800
2025-07-01,205.6759415551798,209.17901505124104,205.1484920031366,206.82041931152344,78788900
2025-07-02,207.9051626163094,212.31384736812728,207.1388620051612,211.41818237304688,67941800
2025-07-03,211.12959751601144,213.61757304735917,210.79123648824356,212.5228729248047,34955800
2025-07-07,211.65703516300363,215.18996325511674,207.79570768244494,208.94017028808594,50229000
2025-07-08,209.08947184941582,210.41306148236814,207.44739887083225,208.99989318847656,42848900
2025-07-09,208.52219391164948,210.31353924447487,206.22330706177223,210.12445068359375,48749400
2025-07-10,209.49746585002458,212.45318170934252,209.01977884626095,211.38833618164062,44443600
2025-07-11,209.55718962168862,211.1096837700706,208.85059795908091,210.14434814453125,39765800
2025-07-14,208.92025854176603,209.89555581124029,206.54175471753558,207.61656188964844,38840100
2025-07-15,208.2137043224775,210.8708604550018,207.915144211828,208.10423278808594,42296300
2025-07-16,209.28851120731298,211.37840160704656,207.63649175890595,209.14918518066406,47490500
2025-07-17,209.55718424596662,210.7812638030366,208.58188702565155,209.00982666015625,48068100
2025-07-18,209.85573909301036,210.77131219576944,208.69136845628208,210.16424560546875,48974600
2025-07-21,211.07983063398711,214.74212298846783,210.61209006251647,211.45799255371094,51377400
2025-07-22,212.11484021935428,213.91613206526756,211.20921348603295,213.3687744140625,46404100
2025-07-23,213.96588230147148,214.11515474984876,211.38834345684663,213.11996459960938,46989300
2025-07-24,212.87116805528336,214.65256693634578,212.50295255730364,212.73184204101562,46022600
2025-07-25,213.6673052863376,214.20471642869953,212.37355515647585,212.85125732421875,40268800
2025-07-28,213.00055398053098,213.81661722083774,212.03521828670327,213.0204620361328,37858000
2025-07-29,213.14982178903043,213.7767964509494,209.80599741985404,210.2538299560547,51411700
2025-07-30,210.88079278566187,211.36844143995228,206.72090512781878,208.0445098876953,45512500
2025-07-31,207.48719786288635,208.83069544134486,206.16359315375274,206.57162475585938,80698400
2025-08-01,209.8557561748323,212.5527283441607,200.530828701964,201.40660095214844,104434500
2025-08-04,203.52634207300898,206.88014336875773,200.70995198839026,202.37193298339844,75109300
2025-08-05,202.42167200915333,204.35234334482283,201.18764593221573,201.94398498535156,44155100
2025-08-06,204.6409599471833,214.3440641251077,204.60114383647723,212.22430419921875,108483100
2025-08-07,217.8272171299369,219.78774287041324,215.5382768294147,218.9716796875,90224800
2025-08-08,219.76784743364436,229.88892965735022,218.19544514014734,228.2468719482422,113854000
2025-08-11,227.08116933177635,228.71513292468896,223.9327956372812,226.34388732910156,61806100
2025-08-12,227.17083074525974,229.95057099439725,226.23430307406312,228.80479431152344,55626200
2025-08-13,230.2195756343437,234.1351043372746,229.58191650034667,232.47125244140625,69878500
2025-08-14,233.1985666998313,234.25466305951576,230.0003892485326,231.92327880859375,51916300
2025-08-15,233.13880497436926,233.41777326838445,228.4959516198378,230.7376708984375,56038700
2025-08-18,230.8472538899505,232.26202593201924,229.26310933608104,230.0402374267578,37476200
2025-08-19,230.42880766374827,232.0129522601839,228.50591803460907,229.71145629882812,39402600
2025-08-20,229.13358225147155,229.6217843388592,224.93908515924198,225.17819213867188,42263900
2025-08-21,225.43723377620466,225.6863136691638,222.95639256938466,224.072265625,30621200
2025-08-22,225.33760837029214,228.2468598588307,224.58041092619504,226.9217529296875,42477800
2025-08-25,225.6464693442017,228.45609804536198,225.3973894325087,226.323974609375,30983100
2025-08-26,226.03502689374838,228.6453946309622,223.86305742355088,228.46604919433594,54575100
2025-08-27,227.76862267507164,230.05018785299507,227.41990473660533,229.64170837402344,31259500
2025-08-28,229.9704999102399,232.55096405412047,228.4959359400532,231.70408630371094,38074700
2025-08-29,231.65426265633033,232.52107103838586,230.51845893056873,231.28562927246094,39418400
2025-09-02,228.4062708029861,230.00038826150748,226.1346633063032,228.87454223632812,44075600
2025-09-03,236.33697373754433,237.9709372370204,233.49745685978084,237.5923309326172,66427800
2025-09-04,237.57239985348932,239.0170601981439,235.8687018920251,238.8975067138672,47549400
2025-09-05,239.1167027112504,240.43185187342493,237.61226559630578,238.80784606933594,54870400
2025-09-08,238.41928864081726,239.2661511981365,235.47017586985078,237.0045166015625,48999500
2025-09-09,236.12775932745953,237.90120710535396,232.5011563745861,233.48751831054688,66313900
2025-09-10,231.33545739080094,231.56460664903227,225.118417424808,225.955322265625,83440800
2025-09-11,226.04499474029723,229.60184779162614,225.81583028738913,229.1833953857422,50208600
2025-09-12,228.37638560886936,233.6469097348115,228.17712472443904,233.2085418701172,55824200
2025-09-15,236.12775635652346,237.31337916896246,234.16500543557729,235.828857421875,42699500
2025-09-16,236.30708253667353,240.33222235518573,235.45026224943368,237.2735137939453,63421100
2025-09-17,238.09051246512186,239.21635855568803,236.85507060288438,238.11044311523438,46508000
2025-09-18,239.08682096339746,240.31228984200703,235.77903252032195,237.0045166015625,44249600
2025-09-19,240.342162048153,245.3935094903633,239.32592704772566,244.59645080566406,163741300
2025-09-22,247.38616206443075,255.69547916115815,247.2068166293636,255.13751220703125,105517400
2025-09-23,254.93828225227924,256.3929004583055,252.64674396870498,253.4936065673828,60275200
2025-09-24,254.2807025242173,254.79879299943292,250.11607847800005,251.38140869140625,42303700
2025-09-25,252.27811828759639,256.2235509944071,250.78363873545524,255.9246368408203,55202100
2025-09-26,253.16481067495934,256.6519291955366,252.84598111295833,254.51980590820312,46076300
2025-09-29,253.6231329894407,254.06151607705354,252.07883445903423,253.4936065673828,40127700
2025-09-30,253.92202035086734,254.97811672142575,252.17846100632588,253.69287109375,37704300
2025-10-01,254.10134722927504,257.83756097799323,253.9917514638179,254.5098419189453,48713900
2025-10-02,255.63566078088252,257.229778167004,253.21461153357077,256.18365478515625,42630200
2025-10-03,253.73271197999827,258.2858846694617,253.01536064819075,257.07037353515625,49155600
2025-10-06,257.0404883747525,258.1165305885388,254.1113214696764,255.7452850341797,44664100
2025-10-07,255.86485915808862,256.4526841311554,254.48993311029045,255.5360870361328,31955800
2025-10-08,255.5758888188916,257.56852798749276,255.16739414069707,257.1102294921875,36496900
2025-10-09,256.86113993459566,257.0504430809132,252.20832947523735,253.10501098632812,38322000
2025-10-10,254.00171816056968,255.436420799504,243.10197943699816,244.3673095703125,61999100
2025-10-13,248.46217548947354,248.77103211910116,244.6562274921306,246.74850463867188,38142900
2025-10-14,245.69241642712313,247.93413549962378,243.79940008876653,246.8581085205078,35478000
2025-10-15,248.57178982967116,250.89321639065437,246.559219921403,248.42233276367188,33893600
2025-10-16,247.33635013275978,248.1234359576197,244.22783772705108,246.53929138183594,39777000
2025-10-17,247.1072067041429,252.4474806979352,246.3599669580113,251.36148071289062,49147000
2025-10-20,254.9481912125226,263.406949073437,254.68915362058422,261.2748107910156,90483000
2025-10-21,260.9161783410852,264.3136317818121,260.86634411857244,261.8028869628906,46695900
2025-10-22,261.6833338430701,261.882609922878,254.4899051977633,257.4988098144531,45015300
2025-10-23,258.9833552231903,259.66084534801524,257.06046542540827,258.6246643066406,32754900
2025-10-24,260.2287163700197,263.15789839957887,258.22610426270086,261.85272216796875,38253700
2025-10-27,263.9051197703755,268.1295048126629,263.6759553344934,267.8206481933594,44888200
2025-10-28,267.9999758056659,268.896687690681,267.16307106420925,268.00994873046875,41534800
2025-10-29,268.28892986747474,270.4110953948544,266.1269030442272,268.7073974609375,51086700
2025-10-30,270.98894793982623,273.1310593223432,267.49188695276854,270.401123046875,69886500
2025-10-31,275.97053891965146,276.29934139392066,268.1693703205502,269.3749084472656,86167100
2025-11-03,269.42476736726525,269.8531775103368,265.2701011373342,268.0597839355469,50194600
2025-11-04,267.3424445625432,270.49081837885313,266.6350661079627,269.0461730957031,49274800
2025-11-05,267.6213843438783,270.70003856307255,265.94757476828966,269.1457824707031,43683100
2025-11-06,266.90407480138714,272.3937751745226,266.90407480138714,268.7771301269531,51204000
2025-11-07,268.80702532983145,271.2878818962731,265.7881780523408,267.48193359375,48227400
2025-11-10,268.2298525605972,272.98692304032335,266.733924572705,268.6985778808594,41312400
2025-11-11,269.07757258136417,275.16101963639426,269.0675899882029,274.5028076171875,46208300
2025-11-12,274.2535373864602,274.9815668240292,270.96250711171905,272.7276916503906,48398000
2025-11-13,273.3658696206449,275.9488654308047,271.3513641926929,272.20904541015625,49602800
2025-11-14,270.31420819279356,275.21088338895913,268.8681625557137,271.6705322265625,47431300
2025-11-17,268.09027174019775,269.7557213346742,265.00866346949266,266.73394775390625,45018300
2025-11-18,269.25705465795,269.97510130800674,264.59974924229334,266.7139892578125,45677300
2025-11-19,264.80921977983166,271.47107967039307,264.77930243197466,267.83099365234375,40424500
2025-11-20,270.09480618650156,274.68232536305425,265.1981613886433,265.5272521972656,45823600
2025-11-21,265.2280517805383,272.5879921198442,264.9488130991126,270.75299072265625,59030800
2025-11-24,270.164627965921,276.24807542504453,270.164627965921,275.1710205078125,65585800
2025-11-25,274.52274228722064,279.6188865292943,274.5028075356392,276.2181396484375,46914200
2025-11-26,276.2082055022192,278.7712367451818,275.8791146523587,276.7966003417969,33431400
2025-11-28,276.50736791500816,278.242634823177,275.2407959413455,278.0930480957031,20135600
2025-12-01,277.2553332443013,282.65065109438723,275.3904143522869,282.3315124511719,46587700
2025-12-02,282.231773534172,286.619823290159,281.86278279875575,285.4131164550781,53669500
2025-12-03,285.4231155973949,287.8365294074879,282.5309633672564,283.378662109375,43538700
2025-12-04,283.3287830094401,283.95707766942763,277.83373081751637,279.9380187988281,43989100
2025-12-05,279.77845592816414,280.37683325787106,277.2951945750906,278.0232238769531,47265800
2025-12-08,277.374989388386,278.9108174051644,275.4003533668138,277.1356506347656,38211800
2025-12-09,277.40493251311347,279.2698514894354,276.16830825817004,276.4275817871094,32193300
2025-12-10,276.9960211276047,278.9905919368044,275.68957968235776,278.0232238769531,33038300
2025-12-11,278.34237127554803,278.8310314000742,273.0667227973629,277.2752685546875,33248000
2025-12-12,277.14559334691864,278.4620173164318,276.06853855760204,277.5245666503906,39532900
2025-12-15,279.3894873363706,279.3894873363706,272.0993337942639,273.3658752441406,50409100
2025-12-16,272.07941349564567,274.752131096348,271.0522107383373,273.8645324707031,37648600
2025-12-17,274.2634587890498,275.41033087528734,270.9026119684932,271.10205078125,50138700
2025-12-18,272.8672697170699,272.88723490520505,266.22537510199504,271.4511413574219,51630700
2025-12-19,271.4112306527045,273.8545921928022,269.1673383776201,272.9271240234375,144632000
2025-12-22,272.1192896847017,273.13654030849926,269.7756932559407,270.23443603515625,36571800
2025-12-23,270.1048034873943,271.7603010837797,268.8282792538215,271.62066650390625,29642000
2025-12-24,271.60070067851706,274.6823088952694,271.46109654935304,273.06671142578125,17910600
2025-12-26,273.4158142002898,274.6225212124231,272.1193247047194,272.6578674316406,21521800
2025-12-29,271.9497734782625,273.61522314661676,271.6107000753325,273.0168762207031,23715200
2025-12-30,272.06942798009953,273.3359694836473,271.54086793463244,272.33868408203125,22139600
2025-12-31,272.3187639976345,272.9370761103812,271.0123224859311,271.12200927734375,27293600
2026-01-02,271.52095990203577,277.0857995993762,268.26979943372277,270.27435302734375,37838100
2026-01-05,269.9053759278346,270.7730094869922,265.41759095171795,266.5345458984375,45647200
2026-01-06,266.27524679504927,266.8237416838396,261.4084883511094,261.6478271484375,52352100
2026-01-07,262.485556491205,262.96423405428067,259.10474402829175,259.6233215332031,48309800
2026-01-08,256.3222864925608,258.58614386359903,255.00587765735156,258.3368225097656,50419300
2026-01-09,258.3767027680543,259.5036402038468,255.52448097015204,258.6659240722656,39997000
2026-01-12,258.45648066308013,260.5906555331263,256.1028713590674,259.54351806640625,45263800
2026-01-13,258.01770778709204,261.0993163539261,257.68861696081353,260.34136962890625,45730800
2026-01-14,258.78557762508564,261.1092696408236,256.0131254420647,259.2543029785156,40019400
2026-01-15,259.94247342351326,260.3314293980394,256.35223934409396,257.50909423828125,39388600
2026-01-16,257.1998957308392,258.1971811198186,254.23795690818102,254.83633422851562,72142800
2026-01-20,252.04394930256512,254.09835490933511,242.75922413209136,246.0303192138672,80267500
2026-01-21,248.02489020045314,250.87712721718017,244.51444112970407,246.9777374267578,54641700
2026-01-22,248.52352576906395,250.31864258405668,247.47637302553753,247.67584228515625,39708300
2026-01-23,246.64863719927277,248.73296007338791,244.0157890837153,247.36666870117188,41689000
2026-01-26,250.7973501838168,255.86356228737432,249.121917868832,254.71669006347656,55969200
2026-01-27,258.4664899667647,261.2389423700868,257.5090739976807,257.56890869140625,49648300
2026-01-28,256.9505880888889,258.1572949521919,253.81911240916085,255.74388122558594,41288000
2026-01-29,257.29964922744847,258.94516415300217,253.7193980705993,257.5788879394531,67253000
2026-01-30,254.4773517832236,261.1890792690021,251.49546251262876,258.7756652832031,92443400
2026-02-02,259.3241194003358,269.7557160843994,258.50633807413067,269.27703857421875,73913400
2026-02-03,268.4692659190308,271.1419837262723,266.88355520832346,268.7485046386719,64394700
2026-02-04,271.55083028665655,278.19275421850585,271.55083028665655,275.7394104003906,90545700
2026-02-05,277.37501624935936,278.7412924914769,272.48832346973,275.1610412597656,52977400
2026-02-06,276.3677049075235,280.1474248180158,276.1782182606431,277.364990234375,50453400
2026-02-09,277.41494619870406,277.70443813431814,271.2160169672847,274.13079833984375,44623400
2026-02-10,274.40031021957236,274.87943562430115,272.4537718732244,273.19244384765625,34376900
2026-02-11,274.2106536370846,279.6808719096702,273.9610989943363,275.00921630859375,51931300
2026-02-12,275.09909064411113,275.22886395053104,259.7165366668213,261.2637939453125,81077200
2026-02-13,261.5432690161623,261.7628783299504,254.9949421084194,255.32435607910156,56290700
2026-02-17,257.5903108294174,265.8156532326085,255.08478749757862,263.4099426269531,58469100
2026-02-18,263.13045584681157,266.3447212846438,261.9825104325609,263.8791198730469,34203300
2026-02-19,262.13220471573277,264.00886051677537,259.5867290635135,260.11578369140625,30845300
2026-02-20,258.50868117461044,264.2783836675007,257.7001265171608,264.1086730957031,42070500
2026-02-23,263.0206001676805,268.95002088588865,262.91081074777924,265.705810546875,37308200
2026-02-24,267.38283777638213,274.4003442568012,267.233111068832,271.6552429199219,47014600
2026-02-25,271.29586819299504,274.45024283739696,270.567157599074,273.74151611328125,33714300
2026-02-26,274.4602128097023,275.61811956353745,270.31758130113775,272.4637756347656,32345100
2026-02-27,272.3240124520744,272.3240124520744,262.4217010495403,263.7093811035156,72366500
2026-03-02,261.94253069595567,266.05518620599753,259.73647625260065,264.2484130859375,41827900
2026-03-03,263.0106738027697,265.08695529305965,259.6666350681776,263.2801818847656,38568900
2026-03-04,264.17854815272653,265.67587606267574,260.95432154975975,262.0523376464844,39803100
2026-03-05,260.3254337562426,261.09405110124777,256.79173142961054,259.8263244628906,49658600
2026-03-06,258.16927189629365,258.3090066542827,253.916851068475,257.0013427734375,41120000
2026-03-09,255.2345148744848,260.68477987096253,253.22808575123491,259.41705322265625,38218500
2026-03-10,257.19102845716964,262.01244158439727,256.4922936817907,260.3653564453125,30590800
2026-03-11,260.62486739620806,261.6630231774062,259.08760235948154,260.3453674316406,26218900
2026-03-12,258.1992253881205,258.48871731031414,253.72719511663234,255.30438232421875,40794000
2026-03-13,255.024890934378,255.87336762960538,249.07551643845036,249.6744384765625,36930000
2026-03-16,251.66090222791988,253.43773019062647,249.4348789230203,252.36964416503906,32074200
2026-03-17,252.5093881906664,254.67552076289968,251.7307636559193,253.77711486816406,32361600
2026-03-18,252.1799767808244,254.48585937367065,248.55643828829037,249.49476623535156,35757900
2026-03-19,248.95572868612365,251.38140795985734,246.85947863088072,248.5165252685547,34864100
2026-03-20,247.53824109812177,248.75606899357115,245.56177255944445,247.54823303222656,88331100
2026-03-23,253.51758537106093,254.14646797882926,249.83415620831627,251.04200744628906,40546100
2026-03-24,249.90403139868116,254.37604644028636,249.10545347620703,251.1917266845703,45152300
2026-03-25,253.6473574345128,254.5457480998694,251.15181088451408,252.16998291015625,28476700
2026-03-26,251.67088153367666,256.5421934269488,250.32329549316128,252.43951416015625,41796700
2026-03-27,253.4477020992108,255.03488128462607,247.6281009352486,248.35679626464844,47900000
2026-03-30,249.62453299565456,250.4230956915925,245.07264337813007,246.19065856933594,39446200
2026-03-31,247.46837564153284,255.02488248828539,246.65982101631488,253.337890625,49598100
2026-04-01,253.62737973002484,255.7236296181179,252.8787157917901,255.17462158203125,40059400
2026-04-02,253.74717405681358,255.6737439434535,250.20349485503914,255.464111328125,31289400
2026-04-06,256.053045051996,261.6929736576745,256.003115847535,258.3988342285156,29329900
2026-04-07,255.70368128016966,255.7436185540334,245.2623079794448,253.0484161376953,62148000
2026-04-08,257.98960165960847,259.2872736156141,256.0730086009651,258.43878173828125,41032800
2026-04-09,258.5386040524215,260.65482250105316,255.6138310165902,260.02593994140625,28121600
2026-04-10,259.5168819122501,261.7229364827484,258.5585701252562,260.0159912109375,31291500
2026-04-13,259.2673359057164,259.71651601158027,256.2027973984465,258.73828125,36234700
2026-04-14,258.78816168339415,261.4633801130582,256.73183388682423,258.368896484375,48370700
2026-04-15,257.7001261657452,266.08515659729386,257.35074355126085,265.95538330078125,49913500
2026-04-16,266.3246925362851,266.6840670491935,260.804545264895,262.9307556152344,43323100
2026-04-17,266.4844323486072,271.8149160854778,266.24486962975914,269.7486267089844,61436200
2026-04-20,269.84841238867654,273.7913879220191,269.80850557942483,272.5635681152344,36590200
2026-04-21,271.0163536236942,272.3140256362382,264.9272139873882,265.69586181640625,50209800
2026-04-22,267.3429346055621,273.2523721409737,266.39461467279705,272.68341064453125,43249200
2026-04-23,274.56001085217736,275.2787294551341,271.1660737405759,272.9429016113281,33399600
2026-04-24,272.2741016414235,272.5735550213531,269.16962610782736,270.5771179199219,38157100
2026-04-27,265.6159889280984,267.88193422863776,264.59781690250213,267.1332702636719,41466800
2026-04-28,271.8548539018017,272.7432830913257,268.181416710472,270.2277526855469,40018900
2026-04-29,267.07336249706583,270.55716597281076,266.56429174844374,269.688720703125,30047900
2026-04-30,270.018146234023,275.50834883767226,267.6623648300734,270.86663818359375,91848200
2026-05-01,278.36321169794013,286.7083346607987,277.87409435408995,279.6409606933594,79915400
2026-05-04,279.16182884121525,280.13010214166496,274.3703610857382,276.33685302734375,46668400
2026-05-05,276.43668191704,284.0630869835518,276.00745521106614,283.67376708984375,49311700
2026-05-06,281.4177950537395,287.5168959460148,280.5693031693742,286.9978332519531,58336100
2026-05-07,288.75467457606095,291.60959552514373,285.2709015174152,286.9279479980469,45224300
2026-05-08,289.49338424193445,294.2349225642168,289.48339230776435,292.7974853515625,52692800
2026-05-11,291.72841688276577,293.6267735875138,289.979924827367,292.42779541015625,42247300
2026-05-12,292.3078994315659,295.0155556946294,292.3078994315659,294.54595947265625,45748100
2026-05-13,293.24708951115105,300.6607090744109,293.24708951115105,298.6124572753906,52684300
2026-05-14,299.5616620172475,300.1911240450107,295.12548538387824,297.9530334472656,35324900
2026-05-15,297.643304079477,302.93875555297063,296.26448829773227,299.9713134765625,54862800
2026-05-18,299.98126929450746,300.4009207908792,294.6558756451712,297.5833435058594,34483000
2026-05-19,296.7140952726279,300.2510533099592,296.09463441963413,298.7123718261719,42243600
2026-05-20,297.9230626302997,302.5390768782648,297.82314269813475,301.98956298828125,38229800
2026-05-21,300.80056674721834,305.27671719779084,300.1411318265125,304.7271728515625,42965100
2026-05-22,305.85620846339293,311.13165741506583,305.57645096183757,308.55389404296875,43670200
2026-05-26,309.29325163060713,311.5513139598484,307.4048960873393,308.0643005371094,48000500
2026-05-27,308.0643052358437,312.9900803339556,308.0343323058515,310.5821533203125,50430900
2026-05-28,310.412282475935,312.5304508120942,309.30325358892543,312.24072265625,48220400
2026-05-29,311.5113496628706,314.7285763294451,309.2632884033746,311.7911071777344,70026800
2026-06-01,309.363197507879,310.67206624496237,304.7571540774977,306.0460510253906,48849900
2026-06-02,307.1950545511415,315.1781903378333,306.42572903356995,314.92840576171875,44534700
2026-06-03,313.9092501546009,316.6668815001487,308.5838566628498,309.9926452636719,50836700
2026-06-04,312.96009909963743,313.26982953176514,309.38316692864953,310.9618225097656,44869100
2026-06-05,312.5903972939029,314.8984348439246,306.8853260765596,307.0751647949219,65310500
2026-06-08,308.4739595974908,317.1265012321255,300.9105055796523,301.2801818847656,77949100
2026-06-09,300.0212482417878,300.4908444635933,287.5320194610898,290.29962158203125,70108800
2026-06-10,290.4894628291428,294.4960172141002,287.1323727394638,291.3287353515625,52793300
2026-06-11,293.4668864344149,296.7440586571729,289.3404406054596,295.375244140625,42572500
2026-06-12,295.7749221682621,296.88398158337014,289.3704417369658,290.879150390625,38742100
2026-06-15,293.8665449684006,297.5233947188816,291.4486474146935,296.1645812988281,45732600
2026-06-16,294.99559499590845,300.2210994929347,293.71669913987887,298.9821472167969,39874400
2026-06-17,300.59074812548096,301.8096980081642,294.10632015937927,295.6949768066406,42745100
2026-06-18,297.8530937792582,300.31099586682666,295.3652492546472,297.7532043457031,85962200
2026-06-22,297.05381866220307,302.1594314563154,296.5043047694293,296.75408935546875,44879900
2026-06-23,297.2836155142734,301.3800886038737,293.9264950024863,294.04638671875,52010900
2026-06-24,295.1054570720635,299.4417438827621,292.68755959702736,292.8274230957031,53081900
2026-06-25,287.1523472601469,288.55113481081804,273.5141152813601,274.91290283203125,107013700
2026-06-26,274.7630284991681,285.70360492137456,273.9737007161028,283.53546142578125,261775500
2026-06-29,286.4829438934296,288.12151489662153,279.6088673150861,281.4972229003906,66427000
2026-06-30,280.9277417485351,289.69017405322865,280.45814550695326,289.11065673828125,65100200
2026-07-01,293.1871503157195,296.33442991747245,288.95081360688545,294.1263427734375,50164200
2026-07-02,293.866538367699,309.15337194761725,293.4269150966668,308.3640441894531,75352800
2026-07-06,307.0951430290638,313.9292760509671,306.7354678654279,312.3905944824219,53590000
2026-07-07,315.0183186077797,315.20815732134815,309.88273318392555,310.3923034667969,42490000
2026-07-08,311.6412289475945,314.5487250421545,306.7854009831778,313.1199645996094,41323500
2026-07-09,310.24243869469103,316.2572401947346,307.8944576262147,315.947509765625,48124500
2026-07-10,314.4488202226986,316.6369356310425,311.9010296470402,315.0483093261719,34132300
2026-07-13,316.7468014245228,323.171283634363,315.5078797345754,317.03656005859375,43257800
2026-07-14,313.48965629761443,315.91755515351207,311.64124426456783,314.58868408203125,36336800
2026-07-15,317.34631234952286,328.44675508114506,317.0465830462295,327.2178039550781,60957600
2026-07-16,327.72736328456057,334.3915986652446,326.50841333986017,332.97283935546875,62970600
2026-07-17,331.693929977533,334.7013154010385,328.71648699084636,333.452392578125,63407100
2026-07-20,333.2226134619852,333.4224228207836,323.4010672140761,326.3085632324219,53468000
2026-07-21,322.85156758462244,329.3159936819017,321.94234806189104,327.45758056640625,41338900
2026-07-22,327.58746619388995,328.7164973399543,323.0613709608057,325.60919189453125,38755900
2026-07-23,321.4527900194849,323.0214140443725,319.0748358849152,321.3828430175781,40840800
2026-07-24,321.5127284115298,334.0818750563203,321.3428614810286,332.7330322265625,47489400
2026-07-27,334.2517370375488,339.277401491225,333.73216560461384,336.61968994140625,49604300
2026-07-28,339.73698155301014,342.59453283396704,335.31080637618777,339.78692626953125,51859000
2026-07-29,339.43727163464206,344.2730974331505,337.0593175600121,337.8985900878906,56090800
2026-07-30,332.8129674612056,334.4615395264105,329.30598233808786,333.1426696777344,74817800
2026-07-31,304.54735603914753,310.4222943774597,299.7415030462749,308.6438293457031,132489100
2026-08-03,309.313234694189,311.5313230344714,302.29929450581176,303.1585693359375,75052000
2026-08-04,302.46913991298527,310.1525156602479,301.0603512911937,309.1134033203125,68001000
2026-08-05,309.09342362565195,311.4414048335362,305.40663118634393,310.7320251464844,49438800
2026-08-06,314.06913775686996,316.0174696892129,308.96355554648414,312.14080810546875,46139900
2026-08-07,311.1816431226555,314.53873325457766,310.47223295908327,313.05999755859375,34437200
2026-08-10,306.8299865722656,308.260009765625,304.6099853515625,308.260009765625,44812500
2026-08-11,307.75,309.9700012207031,302.7900085449219,304.9100036621094,37476700
2026-08-12,305.1000061035156,305.6600036621094,300.57000732421875,302.25,41657800
2026-08-13,304.2099914550781,306.0,302.04998779296875,305.260009765625,40349300
2026-08-14,306.0,307.489990234375,304.29998779296875,305.92999267578125,28229400
2026-08-17,306.2099914550781,307.6600036621094,302.94000244140625,305.5899963378906,38169300
2026-08-18,307.5799865722656,311.489990234375,305.739990234375,310.0299987792969,53424500
2026-08-19,310.1400146484375,319.2799987792969,309.6000061035156,316.8299865722656,50505600
2026-08-20,317.4599914550781,320.2799987792969,310.6499938964844,311.29998779296875,40959200
2026-08-21,312.04998779296875,312.3800048828125,307.010009765625,309.3500061035156,46876800
2026-08-24,311.4700012207031,313.3599853515625,309.9700012207031,310.3399963378906,34673600
2026-08-25,310.7900085449219,313.5899963378906,308.2099914550781,309.8999938964844,25869800
2026-08-26,310.29998779296875,315.42999267578125,308.79998779296875,313.45001220703125,34024500
2026-08-27,310.54998779296875,315.3999938964844,309.3999938964844,314.5799865722656,32419200
2026-08-28,316.8500061035156,322.3699951171875,315.45001220703125,319.70001220703125,38649400
2026-08-31,319.6000061035156,321.239990234375,312.79998779296875,316.8500061035156,41242700
